ʔ,,aː,,1
ʔ,,aː,j,1
ʔ,,aː,m,1
ʔ,,aː,n,1
ʔ,,aː,ŋ,1
ʔ,,ɛ,ŋ,1
ʔ,,aː,w,1
ʔ,,a,w,1
ʔ,,a,j,1
ɓ,,aː,,1
ɓ,,aː,j,1
ɓ,,aː,m,1
ɓ,,aː,n,1
ɓ,,aː,ŋ,1
ɓ,,ɛ,ŋ,1
ɓ,,aː,w,1
ɓ,,a,w,1
ɓ,,a,j,1
ɓ,,ɛ,,1
ɓ,,ɛ,m,1
ɓ,,ɛ,n,1
ɓ,,ɛ,w,1
ɓ,,i,,1
ɓ,,iə,,1
ɓ,,i,m,1
ɓ,,i,n,1
ɓ,,i,ŋ,1
ɓ,,iə,m,1
ɓ,,iə,n,1
ɓ,,iə,ŋ,1
ɓ,,iə,w,1
ɓ,,iə,k,5
ɓ,,iə,k,6
ɓ,,iə,m,5
ɓ,,iə,m,2
ɓ,,iə,m,3
ɓ,,iə,n,5
ɓ,,iə,n,2
ɓ,,iə,n,3
ɓ,,iə,n,4
ɓ,,iə,n,6
ɓ,,iə,ŋ,5
ɓ,,iə,p,5
ɓ,,iə,t,5
ɓ,,iə,t,6
ɓ,,iə,w,5
ɓ,,iə,w,2
ɓ,,iə,w,3
ɓ,,iə,w,4
ɓ,,ɔ,,1
ɓ,w,aː,,1
ɓ,w,ɛ,,1
ɓ,,ɔ,j,1
ɓ,,ɔ,m,1
ɓ,,ɔ,n,1
ɓ,,ɔ,ŋ,1
ɓ,w,a,n,1
ɓ,,u,,1
ɓ,,uə,,1
ɓ,,u,j,1
ɓ,,u,m,1
ɓ,,u,n,1
ɓ,,u,ŋ,1
ɓ,w,i,,1
ɓ,,uə,j,1
ɓ,,uə,n,1
ɓ,,uə,ŋ,1
ɓ,w,i,t,5
ɓ,,uə,k,5
ɓ,,uə,k,6
ɓ,,uə,j,5
ɓ,,uə,j,2
ɓ,,uə,j,3
ɓ,,uə,j,4
ɓ,,uə,j,6
ɓ,,uə,m,2
ɓ,,uə,m,6
ɓ,,uə,n,2
ɓ,,uə,ŋ,2
ɓ,,uə,t,5
ɓ,,uə,t,6
ɓ,,aː,,2
ɓ,,aː,j,2
ɓ,,aː,m,2
ɓ,,aː,n,2
ɓ,,aː,ŋ,2
ɓ,,ɛ,ŋ,2
ɓ,,aː,w,2
ɓ,,a,w,2
ɓ,,a,j,2
ɓ,,aː,,5
ɓ,,aː,k,5
ɓ,,ɛ,k,5
ɓ,,aː,j,5
ɓ,,aː,m,5
ɓ,,aː,n,5
ɓ,,aː,ŋ,5
ɓ,,ɛ,ŋ,5
ɓ,,aː,w,5
ɓ,,aː,p,5
ɓ,,aː,t,5
ɓ,,a,w,5
ɓ,,a,j,5
ɓ,,ə,n,1
ɓ,,ə,ŋ,1
ɓ,,ə,w,1
ɓ,,ə,j,1
ɓ,,aː,,4
ɓ,,aː,j,4
ɓ,,aː,w,4
ɓ,,ɛ,,2
ɓ,,ɛ,m,2
ɓ,,ɛ,n,2
ɓ,,ɛ,w,2
ɓ,,ɛ,,5
ɓ,,ɛ,n,5
ɓ,,ɛ,w,5
ɓ,,ɛ,p,5
ɓ,,ɛ,t,5
ɓ,,e,,1
ɓ,,e,n,1
ɓ,,e,ŋ,1
ɓ,,e,w,1
ɓ,,i,,2
ɓ,,iə,,2
ɓ,,i,m,2
ɓ,,i,n,2
ɓ,,i,ŋ,2
ɓ,,i,w,2
ɓ,,i,,5
ɓ,,iə,,5
ɓ,,i,k,5
ɓ,,i,m,5
ɓ,,i,n,5
ɓ,,i,ŋ,5
ɓ,,i,p,5
ɓ,,i,t,5
ɓ,,i,w,5
ɓ,,ɔ,,2
ɓ,,ɔ,j,2
ɓ,,ɔ,m,2
ɓ,,ɔ,n,2
ɓ,,ɔ,ŋ,2
ɓ,,ɔ,,5
ɓ,,ɔ,k,5
ɓ,,ɔ,j,5
ɓ,,ɔ,n,5
ɓ,,ɔ,ŋ,5
ɓ,,ɔ,p,5
ɓ,,ɔ,t,5
ɓ,,o,,1
ɓ,,o,j,1
ɓ,,o,m,1
ɓ,,o,n,1
ɓ,,o,ŋ,1
ɓ,,ɔ,,4
ɓ,,ɔ,m,4
ɓ,,ɔ,ŋ,4
ɓ,,u,,2
ɓ,,uə,,2
ɓ,,u,j,2
ɓ,,u,m,2
ɓ,,u,n,2
ɓ,,u,ŋ,2
ɓ,,u,,5
ɓ,,uə,,5
ɓ,,u,k,5
ɓ,,u,j,5
ɓ,,u,n,5
ɓ,,u,ŋ,5
ɓ,,u,p,5
ɓ,,u,t,5
ɓ,,i,,4
ɓ,,əː,,1
ɓ,,ɨ,,1
ɓ,,aː,,6
ɓ,,aː,,3
ɓ,,ɛ,,6
ɓ,,ɛ,,3
ɓ,,ɛ,,4
ɓ,,e,,5
ɓ,,e,,2
ɓ,,e,,3
ɓ,,e,,4
ɓ,,e,,6
ɓ,,i,,3
ɓ,,i,,6
ɓ,,ɔ,,6
ɓ,,ɔ,,3
ɓ,,o,,5
ɓ,,o,,2
ɓ,,o,,3
ɓ,,o,,4
ɓ,,o,,6
ɓ,,əː,,5
ɓ,,əː,,2
ɓ,,əː,,3
ɓ,,əː,,4
ɓ,,əː,,6
ɓ,,u,,6
ɓ,,u,,3
ɓ,,ɨ,,5
ɓ,,ɨ,,2
ɓ,,ɨ,,6
ɓ,,ɨə,,1
ɓ,,iə,,3
ɓ,,iə,,6
ɓ,,uə,,6
ɓ,,uə,,3
ɓ,,ɨə,,5
ɓ,,ɨə,,2
ɓ,,ɨə,,3
ɓ,,ɨə,,4
ɓ,,ɨə,,6
ɓ,,aː,k,6
ɓ,,ə,k,5
ɓ,,ə,k,6
ɓ,,a,k,5
ɓ,,a,k,6
ɓ,,ɔ,k,6
ɓ,,o,k,5
ɓ,,o,k,6
ɓ,,u,k,6
ɓ,,ɨ,k,5
ɓ,,ɨ,k,6
ɓ,,ɛ,k,6
ɓ,,e,k,6
ɓ,,i,k,6
ɓ,,əː,j,1
ɓ,,aː,j,6
ɓ,,aː,j,3
ɓ,,ɔ,j,3
ɓ,,o,j,5
ɓ,,o,j,2
ɓ,,o,j,3
ɓ,,o,j,6
ɓ,,əː,j,5
ɓ,,əː,j,2
ɓ,,əː,j,3
ɓ,,u,j,6
ɓ,,a,m,1
ɓ,,u,m,4
ɓ,,əː,m,1
ɓ,,aː,m,6
ɓ,,aː,m,3
ɓ,,ə,m,5
ɓ,,ə,m,2
ɓ,,ə,m,3
ɓ,,ə,m,4
ɓ,,ə,m,6
ɓ,,a,m,2
ɓ,,a,m,3
ɓ,,a,m,4
ɓ,,a,m,6
ɓ,,ɛ,m,3
ɓ,,i,m,3
ɓ,,ɔ,m,3
ɓ,,o,m,2
ɓ,,o,m,4
ɓ,,əː,m,2
ɓ,,əː,m,6
ɓ,,u,m,6
ɓ,,u,m,3
ɓ,,a,n,1
ɓ,,əː,n,1
ɓ,,aː,n,6
ɓ,,aː,n,3
ɓ,,ə,n,5
ɓ,,ə,n,2
ɓ,,ə,n,3
ɓ,,ə,n,6
ɓ,,a,n,5
ɓ,,a,n,2
ɓ,,a,n,3
ɓ,,a,n,6
ɓ,,ɛ,n,6
ɓ,,ɛ,n,4
ɓ,,e,n,5
ɓ,,e,n,2
ɓ,,e,n,3
ɓ,,e,n,6
ɓ,,i,n,6
ɓ,,ɔ,n,6
ɓ,,ɔ,n,3
ɓ,,o,n,5
ɓ,,o,n,2
ɓ,,o,n,3
ɓ,,o,n,6
ɓ,,əː,n,5
ɓ,,əː,n,2
ɓ,,əː,n,4
ɓ,,əː,n,6
ɓ,,u,n,3
ɓ,,a,ŋ,1
ɓ,,ɨ,ŋ,1
ɓ,,aː,ŋ,6
ɓ,,aː,ŋ,3
ɓ,,ə,ŋ,5
ɓ,,ə,ŋ,2
ɓ,,ə,ŋ,4
ɓ,,ə,ŋ,6
ɓ,,a,ŋ,5
ɓ,,a,ŋ,2
ɓ,,a,ŋ,3
ɓ,,a,ŋ,4
ɓ,,a,ŋ,6
ɓ,,ɔ,ŋ,6
ɓ,,ɔ,ŋ,3
ɓ,,o,ŋ,5
ɓ,,o,ŋ,2
ɓ,,o,ŋ,3
ɓ,,o,ŋ,4
ɓ,,o,ŋ,6
ɓ,,u,ŋ,6
ɓ,,u,ŋ,3
ɓ,,ɨ,ŋ,5
ɓ,,ɨ,ŋ,2
ɓ,,ɨ,ŋ,3
ɓ,,ɨ,ŋ,6
ɓ,,i,ŋ,4
ɓ,,ɛ,ŋ,6
ɓ,,ɛ,ŋ,3
ɓ,,e,ŋ,5
ɓ,,e,ŋ,2
ɓ,,e,ŋ,3
ɓ,,e,ŋ,6
ɓ,,i,ŋ,3
ɓ,,i,ŋ,6
ɓ,,aː,w,6
ɓ,,aː,w,3
ɓ,,ɛ,w,6
ɓ,,ɛ,w,3
ɓ,,ɛ,w,4
ɓ,,aː,p,6
ɓ,,ə,p,5
ɓ,,ə,p,6
ɓ,,a,p,5
ɓ,,a,p,6
ɓ,,ɛ,p,6
ɓ,,e,p,5
ɓ,,e,p,6
ɓ,,i,p,6
ɓ,,ɔ,p,6
ɓ,,o,p,5
ɓ,,o,p,6
ɓ,,əː,p,5
ɓ,,əː,p,6
ɓ,,u,p,6
ɓ,,aː,t,6
ɓ,,ə,t,5
ɓ,,ə,t,6
ɓ,,a,t,5
ɓ,,a,t,6
ɓ,,ɛ,t,6
ɓ,,e,t,5
ɓ,,e,t,6
ɓ,,i,t,6
ɓ,,ɔ,t,6
ɓ,,o,t,5
ɓ,,o,t,6
ɓ,,əː,t,5
ɓ,,əː,t,6
ɓ,,u,t,6
ɓ,,ɨ,t,5
ɓ,,ɨ,t,6
ɓ,,i,w,4
ɓ,,ɨ,w,1
ɓ,,a,w,6
ɓ,,a,w,3
ɓ,,ə,w,5
ɓ,,ə,w,2
ɓ,,ə,w,3
ɓ,,ə,w,6
ɓ,,e,w,2
ɓ,,e,w,6
ɓ,,i,w,3
ɓ,,i,w,6
ɓ,,ɨ,w,5
ɓ,,ɨ,w,3
ɓ,,a,j,3
ɓ,,ə,j,5
ɓ,,ə,j,2
ɓ,,ə,j,3
ɓ,,ə,j,4
ɓ,,ə,j,6
ɓ,,ɨə,k,5
ɓ,,ɨə,j,1
ɓ,,ɨə,j,3
ɓ,,ɨə,m,1
ɓ,,ɨə,m,5
ɓ,,ɨə,n,1
ɓ,,ɨə,ŋ,1
ɓ,,ɨə,ŋ,5
ɓ,,ɨə,ŋ,2
ɓ,,ɨə,ŋ,3
ɓ,,ɨə,p,5
ɓ,,ɨə,t,6
ɓ,,ɨə,w,1
ɓ,,ɨə,w,5
k,,aː,,1
k,,aː,j,1
k,,aː,m,1
k,,aː,n,1
k,,aː,ŋ,1
k,,ɛ,ŋ,1
k,,aː,w,1
k,,a,w,1
k,,a,j,1
c,,aː,,1
c,,aː,j,1
c,,aː,m,1
c,,aː,n,1
c,,aː,ŋ,1
c,,ɛ,ŋ,1
c,,aː,w,1
c,,a,w,1
c,,a,j,1
c,,ɛ,,1
c,,ɛ,m,1
c,,ɛ,n,1
c,,ɛ,w,1
c,,i,,1
c,,iə,,1
c,,i,m,1
c,,i,n,1
c,,i,ŋ,1
c,,i,w,1
c,,iə,m,1
c,,iə,n,1
c,,iə,ŋ,1
c,,iə,w,1
c,,iə,k,5
c,,iə,k,6
c,,iə,m,5
c,,iə,m,3
c,,iə,n,5
c,,iə,n,2
c,,iə,n,3
c,,iə,n,4
c,,iə,n,6
c,,iə,ŋ,5
c,,iə,ŋ,2
c,,iə,p,5
c,,iə,t,5
c,,iə,w,5
c,,iə,w,2
c,,iə,w,3
c,,ɔ,,1
c,w,aː,,1
c,w,aː,j,1
c,w,aː,ŋ,1
c,w,a,j,1
c,w,ɛ,,1
c,w,ɛ,n,1
c,,ɔ,j,1
c,,ɔ,m,1
c,,ɔ,n,1
c,,ɔ,ŋ,1
c,w,aː,j,2
c,w,aː,m,2
c,w,aː,ŋ,2
c,w,aː,,5
c,w,aː,k,5
c,w,aː,j,5
c,w,aː,n,5
c,w,aː,ŋ,5
c,w,aː,,4
c,w,aː,j,4
c,w,ɛ,,2
c,w,ɛ,n,2
c,w,ɛ,,5
c,w,ɛ,t,5
c,w,ɛ,,6
c,w,aː,k,6
c,w,aː,j,6
c,w,a,n,1
c,w,aː,ŋ,6
c,w,aː,ŋ,3
c,w,aː,p,6
c,w,a,t,5
c,w,ɛ,t,6
c,,u,,1
c,,uə,,1
c,,u,j,1
c,,u,m,1
c,,u,n,1
c,,u,ŋ,1
c,w,iə,n,1
c,w,iə,n,5
c,w,iə,n,2
c,w,iə,n,3
c,w,iə,n,6
c,w,ə,n,1
c,,uə,j,1
c,,uə,m,1
c,,uə,n,1
c,,uə,ŋ,1
c,w,i,,5
c,w,e,,5
c,w,i,,2
c,,uə,k,5
c,,uə,k,6
c,w,e,k,5
c,w,e,k,6
c,,uə,j,5
c,,uə,j,2
c,,uə,j,3
c,,uə,j,4
c,,uə,j,6
c,w,ə,n,3
c,w,ə,n,4
c,,uə,n,2
c,,uə,ŋ,2
c,,uə,ŋ,3
c,,uə,ŋ,6
c,w,e,ŋ,5
c,w,e,ŋ,3
c,w,e,ŋ,6
c,,uə,t,5
c,,uə,t,6
c,,aː,,2
c,,aː,j,2
c,,aː,m,2
c,,aː,ŋ,2
c,,ɛ,ŋ,2
c,,aː,w,2
c,,a,w,2
c,,a,j,2
c,,aː,,5
c,,aː,k,5
c,,ɛ,k,5
c,,aː,j,5
c,,aː,m,5
c,,aː,n,5
c,,aː,ŋ,5
c,,ɛ,ŋ,5
c,,aː,w,5
c,,aː,t,5
c,,a,w,5
c,,a,j,5
c,,ə,m,1
c,,ə,n,1
c,,ə,ŋ,1
c,,ə,w,1
c,,ə,j,1
c,,aː,,4
c,,aː,j,4
c,,aː,w,4
c,,ɛ,,2
c,,ɛ,m,2
c,,ɛ,n,2
c,,ɛ,w,2
c,,ɛ,,5
c,,ɛ,m,5
c,,ɛ,n,5
c,,ɛ,w,5
c,,ɛ,p,5
c,,ɛ,t,5
c,,e,,1
c,,e,m,1
c,,e,ŋ,1
c,,e,w,1
c,,i,,2
c,,iə,,2
c,,i,m,2
c,,i,ŋ,2
c,,i,w,2
c,,i,,5
c,,iə,,5
c,,i,k,5
c,,i,m,5
c,,i,n,5
c,,i,ŋ,5
c,,i,p,5
c,,i,t,5
c,,i,w,5
c,,ɔ,,2
c,,ɔ,j,2
c,,ɔ,m,2
c,,ɔ,ŋ,2
c,,ɔ,,5
c,,ɔ,k,5
c,,ɔ,j,5
c,,ɔ,n,5
c,,ɔ,ŋ,5
c,,ɔ,p,5
c,,ɔ,t,5
c,,o,,1
c,,o,j,1
c,,o,m,1
c,,o,n,1
c,,o,ŋ,1
c,,ɔ,,4
c,,ɔ,m,4
c,,ɔ,ŋ,4
c,,u,,2
c,,uə,,2
c,,u,j,2
c,,u,m,2
c,,u,n,2
c,,u,ŋ,2
c,,u,,5
c,,uə,,5
c,,u,k,5
c,,u,j,5
c,,u,m,5
c,,u,ŋ,5
c,,u,t,5
c,,u,,4
c,,əː,,1
c,,ɨ,,1
c,,aː,,6
c,,aː,,3
c,,ɛ,,3
c,,ɛ,,4
c,,e,,5
c,,e,,2
c,,e,,3
c,,e,,4
c,,e,,6
c,,i,,3
c,,i,,6
c,,ɔ,,6
c,,ɔ,,3
c,,o,,2
c,,o,,3
c,,o,,4
c,,o,,6
c,,əː,,5
c,,əː,,2
c,,əː,,3
c,,əː,,6
c,,u,,3
c,,ɨ,,5
c,,ɨ,,2
c,,ɨ,,3
c,,ɨ,,4
c,,iə,,4
c,,ɨə,,1
c,,iə,,3
c,,iə,,6
c,,uə,,3
c,,ɨə,,5
c,,ɨə,,2
c,,ɨə,,3
c,,ɨə,,4
c,,aː,k,6
c,,ə,k,6
c,,a,k,5
c,,a,k,6
c,,ɔ,k,6
c,,o,k,5
c,,u,k,6
c,,ɨ,k,5
c,,ɨ,k,6
c,,ɛ,k,6
c,,e,k,5
c,,e,k,6
c,,u,j,4
c,,əː,j,1
c,,aː,j,3
c,,ɔ,j,6
c,,ɔ,j,3
c,,o,j,5
c,,o,j,2
c,,o,j,3
c,,o,j,4
c,,o,j,6
c,,əː,j,5
c,,əː,j,2
c,,ɨ,j,3
c,,a,m,1
c,,u,m,4
c,,əː,m,1
c,,aː,m,6
c,,aː,m,3
c,,ə,m,5
c,,ə,m,2
c,,ə,m,3
c,,ə,m,4
c,,ə,m,6
c,,a,m,5
c,,a,m,2
c,,a,m,3
c,,a,m,6
c,,ɛ,m,6
c,,ɛ,m,3
c,,ɛ,m,4
c,,e,m,5
c,,e,m,2
c,,e,m,4
c,,e,m,6
c,,ɔ,m,3
c,,o,m,5
c,,o,m,2
c,,o,m,3
c,,o,m,4
c,,əː,m,5
c,,əː,m,2
c,,əː,m,3
c,,u,m,6
c,,u,m,3
c,,a,n,1
c,,i,n,4
c,,u,n,4
c,,əː,n,1
c,,ɨ,n,1
c,,aː,n,6
c,,aː,n,3
c,,ə,n,5
c,,ə,n,2
c,,ə,n,3
c,,ə,n,4
c,,ə,n,6
c,,a,n,5
c,,a,n,2
c,,a,n,3
c,,a,n,4
c,,a,n,6
c,,ɛ,n,6
c,,ɛ,n,3
c,,ɛ,n,4
c,,e,n,6
c,,i,n,3
c,,i,n,6
c,,ɔ,n,6
c,,ɔ,n,3
c,,o,n,5
c,,o,n,2
c,,o,n,6
c,,əː,n,5
c,,əː,n,2
c,,əː,n,6
c,,u,n,3
c,,ɨ,n,2
c,,a,ŋ,1
c,,u,ŋ,4
c,,ɨ,ŋ,1
c,,aː,ŋ,6
c,,aː,ŋ,3
c,,a,ŋ,2
c,,a,ŋ,3
c,,a,ŋ,6
c,,ɛ,ŋ,3
c,,ɔ,ŋ,3
c,,o,ŋ,5
c,,o,ŋ,2
c,,o,ŋ,3
c,,u,ŋ,3
c,,ɨ,ŋ,5
c,,ɨ,ŋ,2
c,,ɨ,ŋ,3
c,,ɨ,ŋ,4
c,,ɨ,ŋ,6
c,,i,ŋ,4
c,,ɛ,ŋ,6
c,,e,ŋ,5
c,,e,ŋ,2
c,,e,ŋ,3
c,,e,ŋ,4
c,,e,ŋ,6
c,,i,ŋ,3
c,,aː,w,6
c,,aː,w,3
c,,ɛ,w,6
c,,ɛ,w,3
c,,aː,p,6
c,,ə,p,5
c,,ə,p,6
c,,a,p,5
c,,a,p,6
c,,ɛ,p,6
c,,e,p,5
c,,e,p,6
c,,ɔ,p,6
c,,o,p,5
c,,o,p,6
c,,əː,p,5
c,,əː,p,6
c,,u,p,6
c,,aː,t,6
c,,ə,t,5
c,,ə,t,6
c,,a,t,5
c,,a,t,6
c,,ɛ,t,6
c,,e,t,5
c,,e,t,6
c,,i,t,6
c,,ɔ,t,6
c,,o,t,5
c,,o,t,6
c,,əː,t,5
c,,əː,t,6
c,,u,t,6
c,,ɨ,t,5
c,,a,w,3
c,,ə,w,5
c,,ə,w,2
c,,ə,w,3
c,,ə,w,4
c,,ə,w,6
c,,e,w,5
c,,e,w,2
c,,i,w,6
c,,a,j,6
c,,a,j,3
c,,ə,j,5
c,,ə,j,2
c,,ə,j,3
c,,ə,j,6
c,,ɨə,k,5
c,,ɨə,k,6
c,,ɨə,j,1
c,,ɨə,j,3
c,,ɨə,m,2
c,,ɨə,ŋ,1
c,,ɨə,ŋ,5
c,,ɨə,ŋ,2
c,,ɨə,ŋ,3
c,,ɨə,ŋ,4
c,,ɨə,p,6
c,,ɨə,t,6
k,,ɔ,,1
k,w,aː,,1
k,w,aː,n,1
k,w,ɛ,,1
k,w,ɛ,n,1
k,,ɔ,j,1
k,,ɔ,m,1
k,,ɔ,n,1
k,,ɔ,ŋ,1
k,,u,,1
k,,uə,,1
k,,u,j,1
k,,u,m,1
k,,u,n,1
k,,u,ŋ,1
k,,uə,ŋ,1
k,,uə,k,5
k,,uə,k,6
k,,uə,j,5
k,,uə,j,3
k,,uə,j,6
k,,uə,m,4
k,,uə,n,5
k,,uə,n,2
k,,uə,n,6
k,,uə,ŋ,5
k,,uə,ŋ,2
k,,uə,ŋ,6
k,,i,,1
k,,aː,,2
k,,aː,j,2
k,,aː,m,2
k,,aː,n,2
k,,aː,ŋ,2
k,,ɛ,ŋ,2
k,,aː,w,2
k,,a,w,2
k,,a,j,2
k,,aː,,5
k,,aː,k,5
k,,ɛ,k,5
k,,aː,j,5
k,,aː,m,5
k,,aː,n,5
k,,aː,ŋ,5
k,,ɛ,ŋ,5
k,,aː,w,5
k,,aː,p,5
k,,aː,t,5
k,,a,w,5
k,,a,j,5
k,,ə,m,1
k,,ə,n,1
k,,ə,ŋ,1
k,,ə,w,1
k,,ə,j,1
k,,aː,j,4
k,,ɔ,,2
k,,ɔ,j,2
k,,ɔ,m,2
k,,ɔ,n,2
k,,ɔ,ŋ,2
k,,ɔ,,5
k,,ɔ,k,5
k,,ɔ,j,5
k,,ɔ,m,5
k,,ɔ,n,5
k,,ɔ,ŋ,5
k,,ɔ,p,5
k,,ɔ,t,5
k,,o,,1
k,,o,j,1
k,,o,m,1
k,,o,n,1
k,,o,ŋ,1
k,,ɔ,,4
k,,ɔ,j,4
k,,ɔ,m,4
k,,ɔ,n,4
k,,ɔ,ŋ,4
k,,u,,2
k,,uə,,2
k,,u,j,2
k,,u,m,2
k,,u,n,2
k,,u,ŋ,2
k,,u,,5
k,,uə,,5
k,,u,k,5
k,,u,j,5
k,,u,m,5
k,,u,n,5
k,,u,ŋ,5
k,,u,p,5
k,,u,t,5
k,,u,,4
k,,əː,,1
k,,ɨ,,1
k,,aː,,6
k,,aː,,3
k,,ɔ,,6
k,,ɔ,,3
k,,o,,5
k,,o,,2
k,,o,,3
k,,o,,4
k,,o,,6
k,,əː,,5
k,,əː,,2
k,,əː,,3
k,,əː,,4
k,,u,,6
k,,u,,3
k,,ɨ,,5
k,,ɨ,,2
k,,ɨ,,3
k,,ɨ,,4
k,,ɨ,,6
k,,uə,,4
k,,ɨə,,1
k,,uə,,3
k,,ɨə,,5
k,,ɨə,,2
k,,ɨə,,3
k,,ɨə,,6
k,,aː,k,6
k,,ə,k,5
k,,a,k,5
k,,a,k,6
k,,ɔ,k,6
k,,o,k,5
k,,o,k,6
k,,u,k,6
k,,ɨ,k,5
k,,ɨ,k,6
k,,ɛ,k,6
k,,u,j,4
k,,əː,j,1
k,,aː,j,3
k,,ɔ,j,6
k,,ɔ,j,3
k,,o,j,5
k,,o,j,2
k,,o,j,3
k,,o,j,4
k,,o,j,6
k,,əː,j,5
k,,əː,j,2
k,,əː,j,3
k,,əː,j,4
k,,u,j,6
k,,u,j,3
k,,ɨ,j,3
k,,a,m,1
k,,əː,m,1
k,,aː,m,6
k,,aː,m,3
k,,ə,m,5
k,,ə,m,2
k,,ə,m,3
k,,ə,m,4
k,,ə,m,6
k,,a,m,5
k,,a,m,2
k,,a,m,3
k,,a,m,6
k,,ɔ,m,6
k,,ɔ,m,3
k,,o,m,5
k,,o,m,2
k,,o,m,6
k,,əː,m,5
k,,əː,m,4
k,,əː,m,6
k,,u,m,6
k,,u,m,3
k,,a,n,1
k,,u,n,4
k,,əː,n,1
k,,aː,n,6
k,,aː,n,3
k,,ə,n,5
k,,ə,n,2
k,,ə,n,3
k,,ə,n,4
k,,ə,n,6
k,,a,n,5
k,,a,n,2
k,,a,n,3
k,,a,n,6
k,,ɔ,n,6
k,,ɔ,n,3
k,,o,n,5
k,,o,n,2
k,,o,n,3
k,,o,n,6
k,,əː,n,5
k,,əː,n,2
k,,əː,n,4
k,,əː,n,6
k,,u,n,3
k,,a,ŋ,1
k,,u,ŋ,4
k,,ɨ,ŋ,1
k,,aː,ŋ,6
k,,aː,ŋ,3
k,,ə,ŋ,4
k,,a,ŋ,5
k,,a,ŋ,3
k,,a,ŋ,4
k,,a,ŋ,6
k,,ɔ,ŋ,6
k,,ɔ,ŋ,3
k,,o,ŋ,5
k,,o,ŋ,2
k,,o,ŋ,3
k,,o,ŋ,6
k,,u,ŋ,6
k,,u,ŋ,3
k,,ɨ,ŋ,5
k,,ɨ,ŋ,3
k,,ɛ,ŋ,6
k,,ɛ,ŋ,3
k,,aː,w,6
k,,aː,w,3
k,,aː,p,6
k,,ə,p,5
k,,ə,p,6
k,,a,p,5
k,,a,p,6
k,,ɔ,p,6
k,,o,p,5
k,,o,p,6
k,,əː,p,6
k,,u,p,6
k,,ə,t,5
k,,ə,t,6
k,,a,t,5
k,,a,t,6
k,,ɔ,t,6
k,,o,t,5
k,,o,t,6
k,,əː,t,5
k,,əː,t,6
k,,u,t,6
k,,ɨ,t,5
k,,ɨ,w,1
k,,a,w,6
k,,a,w,3
k,,ə,w,5
k,,ə,w,2
k,,ə,w,3
k,,ə,w,6
k,,ɨ,w,5
k,,ɨ,w,2
k,,ɨ,w,3
k,,ɨ,w,4
k,,ɨ,w,6
k,,a,j,6
k,,a,j,3
k,,ə,j,5
k,,ə,j,2
k,,ə,j,3
k,,ə,j,6
k,,ɨə,k,5
k,,ɨə,k,6
k,,ɨə,j,1
k,,ɨə,j,5
k,,ɨə,j,2
k,,ɨə,j,4
k,,ɨə,m,2
k,,ɨə,n,1
k,,ɨə,ŋ,1
k,,ɨə,ŋ,2
k,,ɨə,ŋ,4
k,,ɨə,p,5
z,,aː,,1
z,,aː,j,1
z,,aː,m,1
z,,aː,n,1
z,,aː,ŋ,1
z,,ɛ,ŋ,1
z,,aː,w,1
z,,a,w,1
z,,a,j,1
z,,ɛ,,1
z,,ɛ,m,1
z,,ɛ,n,1
z,,ɛ,w,1
z,,i,,1
z,,iə,,1
z,,i,m,1
z,,i,n,1
z,,i,ŋ,1
z,,i,w,1
z,,iə,m,1
z,,iə,n,1
z,,iə,ŋ,1
z,,iə,w,1
z,,iə,k,5
z,,iə,k,6
z,,iə,m,5
z,,iə,m,2
z,,iə,m,3
z,,iə,m,4
z,,iə,m,6
z,,iə,n,5
z,,iə,n,2
z,,iə,n,3
z,,iə,n,4
z,,iə,n,6
z,,iə,ŋ,2
z,,iə,ŋ,3
z,,iə,p,5
z,,iə,p,6
z,,iə,t,5
z,,iə,t,6
z,,iə,w,5
z,,iə,w,2
z,,iə,w,3
z,,iə,w,4
z,,iə,w,6
z,,ɔ,,1
z,w,aː,,1
z,w,aː,j,1
z,w,aː,n,1
z,w,aː,ŋ,1
z,w,ɛ,ŋ,1
z,w,ɛ,,1
z,,ɔ,j,1
z,,ɔ,m,1
z,,ɔ,n,1
z,,ɔ,ŋ,1
z,w,aː,n,2
z,w,aː,ŋ,2
z,w,ɛ,ŋ,2
z,w,aː,,5
z,w,aː,j,5
z,w,aː,j,4
z,w,aː,n,4
z,w,aː,ŋ,4
z,w,aː,,6
z,w,aː,ŋ,6
z,w,ɛ,ŋ,6
z,,u,,1
z,,uə,,1
z,,u,j,1
z,,u,m,1
z,,u,n,1
z,,u,ŋ,1
z,w,i,,1
z,w,iə,n,1
z,w,iə,n,2
z,w,iə,n,3
z,w,iə,n,6
z,w,iə,t,5
z,w,iə,t,6
z,w,ə,n,1
z,,uə,j,1
z,,uə,ŋ,1
z,w,e,,5
z,w,e,,6
z,w,i,,6
z,,uə,k,5
z,,uə,k,6
z,,uə,j,5
z,,uə,j,4
z,w,ə,n,5
z,w,ə,n,2
z,w,ə,n,3
z,w,ə,n,4
z,,uə,n,2
z,w,e,ŋ,2
z,w,ə,t,6
z,,aː,,2
z,,aː,j,2
z,,aː,m,2
z,,aː,n,2
z,,aː,ŋ,2
z,,ɛ,ŋ,2
z,,aː,w,2
z,,a,w,2
z,,a,j,2
z,,aː,,5
z,,aː,k,5
z,,ɛ,k,5
z,,aː,j,5
z,,aː,m,5
z,,aː,n,5
z,,aː,ŋ,5
z,,ɛ,ŋ,5
z,,aː,w,5
z,,aː,t,5
z,,a,w,5
z,,a,j,5
z,,ə,m,1
z,,ə,n,1
z,,ə,ŋ,1
z,,ə,w,1
z,,ə,j,1
z,,aː,,4
z,,aː,j,4
z,,aː,n,4
z,,ɛ,ŋ,4
z,,aː,w,4
z,,a,j,4
z,,ɛ,,2
z,,ɛ,m,2
z,,ɛ,n,2
z,,ɛ,,5
z,,ɛ,m,5
z,,ɛ,w,5
z,,ɛ,p,5
z,,e,,1
z,,e,n,1
z,,e,ŋ,1
z,,i,,2
z,,iə,,2
z,,i,m,2
z,,i,n,2
z,,i,ŋ,2
z,,i,w,2
z,,i,,5
z,,i,k,5
z,,i,m,5
z,,i,n,5
z,,i,ŋ,5
z,,i,p,5
z,,i,t,5
z,,i,w,5
z,,ɔ,,2
z,,ɔ,j,2
z,,ɔ,m,2
z,,ɔ,n,2
z,,ɔ,ŋ,2
z,,ɔ,,5
z,,ɔ,k,5
z,,ɔ,j,5
z,,ɔ,m,5
z,,ɔ,n,5
z,,ɔ,ŋ,5
z,,ɔ,t,5
z,,o,,1
z,,o,j,1
z,,o,m,1
z,,o,n,1
z,,o,ŋ,1
z,,ɔ,j,4
z,,ɔ,ŋ,4
z,,u,,2
z,,uə,,2
z,,u,j,2
z,,u,m,2
z,,u,n,2
z,,u,ŋ,2
z,,u,,5
z,,uə,,5
z,,u,j,5
z,,u,m,5
z,,u,n,5
z,,u,ŋ,5
z,,u,t,5
z,,i,,4
z,,u,,4
z,,əː,,1
z,,ɨ,,1
z,,aː,,6
z,,aː,,3
z,,ɛ,,3
z,,ɛ,,4
z,,e,,5
z,,e,,2
z,,e,,3
z,,e,,4
z,,e,,6
z,,i,,3
z,,i,,6
z,,ɔ,,6
z,,ɔ,,3
z,,o,,2
z,,o,,4
z,,o,,6
z,,əː,,5
z,,əː,,2
z,,əː,,3
z,,əː,,4
z,,əː,,6
z,,u,,6
z,,u,,3
z,,ɨ,,5
z,,ɨ,,2
z,,ɨ,,3
z,,ɨ,,4
z,,ɨ,,6
z,,iə,,4
z,,uə,,4
z,,ɨə,,1
z,,iə,,6
z,,uə,,6
z,,ɨə,,5
z,,ɨə,,2
z,,ɨə,,6
z,,aː,k,6
z,,a,k,5
z,,a,k,6
z,,ɔ,k,6
z,,o,k,5
z,,o,k,6
z,,u,k,6
z,,ɨ,k,5
z,,ɨ,k,6
z,,e,k,5
z,,e,k,6
z,,i,k,6
z,,u,j,4
z,,əː,j,1
z,,aː,j,6
z,,aː,j,3
z,,ɔ,j,6
z,,o,j,5
z,,o,j,2
z,,o,j,3
z,,o,j,4
z,,o,j,6
z,,əː,j,2
z,,u,j,6
z,,u,j,3
z,,a,m,1
z,,aː,m,6
z,,aː,m,3
z,,ə,m,5
z,,ə,m,2
z,,ə,m,3
z,,ə,m,4
z,,ə,m,6
z,,a,m,5
z,,a,m,2
z,,a,m,6
z,,ɛ,m,6
z,,ɔ,m,3
z,,o,m,3
z,,əː,m,3
z,,əː,m,6
z,,u,m,6
z,,ɨ,m,2
z,,a,n,1
z,,i,n,4
z,,əː,n,1
z,,aː,n,6
z,,ə,n,5
z,,ə,n,2
z,,ə,n,3
z,,ə,n,4
z,,ə,n,6
z,,a,n,2
z,,a,n,3
z,,a,n,6
z,,e,n,5
z,,e,n,2
z,,e,n,6
z,,ɔ,n,6
z,,o,n,2
z,,əː,n,5
z,,əː,n,2
z,,əː,n,4
z,,əː,n,6
z,,a,ŋ,1
z,,u,ŋ,4
z,,ɨ,ŋ,1
z,,aː,ŋ,6
z,,a,ŋ,5
z,,a,ŋ,2
z,,a,ŋ,3
z,,a,ŋ,6
z,,ɔ,ŋ,6
z,,ɔ,ŋ,3
z,,o,ŋ,5
z,,o,ŋ,2
z,,o,ŋ,6
z,,u,ŋ,6
z,,u,ŋ,3
z,,ɨ,ŋ,5
z,,ɨ,ŋ,2
z,,ɨ,ŋ,3
z,,ɨ,ŋ,4
z,,ɨ,ŋ,6
z,,i,ŋ,4
z,,ɛ,ŋ,6
z,,ɛ,ŋ,3
z,,e,ŋ,5
z,,e,ŋ,2
z,,e,ŋ,6
z,,i,ŋ,6
z,,aː,w,6
z,,aː,w,3
z,,ɛ,w,6
z,,ɛ,w,3
z,,ə,p,5
z,,ə,p,6
z,,ɛ,p,6
z,,i,p,6
z,,ɔ,p,6
z,,o,p,5
z,,o,p,6
z,,əː,p,5
z,,aː,t,6
z,,ə,t,5
z,,ə,t,6
z,,a,t,5
z,,a,t,6
z,,ɛ,t,6
z,,e,t,5
z,,e,t,6
z,,i,t,6
z,,o,t,5
z,,o,t,6
z,,əː,t,5
z,,əː,t,6
z,,u,t,6
z,,ɨ,t,5
z,,ɨ,t,6
z,,ə,w,5
z,,ə,w,2
z,,ə,w,3
z,,ə,w,4
z,,ə,w,6
z,,e,w,2
z,,e,w,6
z,,i,w,6
z,,ɨ,w,4
z,,a,j,6
z,,a,j,3
z,,ə,j,5
z,,ə,j,2
z,,ə,j,3
z,,ə,j,4
z,,ə,j,6
z,,ɨə,k,5
z,,ɨə,k,6
z,,ɨə,j,5
z,,ɨə,j,2
z,,ɨə,j,6
z,,ɨə,n,5
z,,ɨə,ŋ,1
z,,ɨə,ŋ,5
z,,ɨə,ŋ,2
z,,ɨə,ŋ,4
z,,ɨə,ŋ,6
z,,ɨə,t,6
ʔ,,ɛ,,1
ʔ,,ɛ,m,1
ʔ,,ɛ,n,1
ʔ,,ɛ,w,1
ɣ,,aː,,1
ɣ,,aː,j,1
ɣ,,aː,m,1
ɣ,,aː,n,1
ɣ,,aː,ŋ,1
ɣ,,ɛ,ŋ,1
ɣ,,aː,w,1
ɣ,,a,w,1
ɣ,,a,j,1
ɣ,,ɛ,,1
ɣ,,ɛ,n,1
ɣ,,i,,1
ɣ,,i,m,1
ɣ,,iə,k,5
ɣ,,iə,n,2
ɣ,,ɛ,,2
ɣ,,ɛ,n,2
ɣ,,ɛ,,5
ɣ,,ɛ,k,5
ɣ,,ɛ,m,5
ɣ,,ɛ,p,5
ɣ,,ɛ,t,5
ɣ,,e,,1
ɣ,,i,,2
ɣ,,i,m,2
ɣ,,i,ŋ,2
ɣ,,i,n,5
ɣ,,i,ŋ,5
ɣ,,i,t,5
ɣ,,ɛ,,6
ɣ,,ɛ,,3
ɣ,,ɛ,,4
ɣ,,e,,5
ɣ,,e,,2
ɣ,,i,,6
ɣ,,e,k,5
ɣ,,e,k,6
ɣ,,ɛ,n,6
ɣ,,e,ŋ,2
ɣ,,e,ŋ,3
ɣ,,e,ŋ,4
ɣ,,ɛ,w,6
ɣ,,e,t,6
ɣ,,i,t,6
ʑ,,i,,1
ʑ,,aː,,1
ʑ,,aː,j,1
ʑ,,aː,m,1
ʑ,,aː,n,1
ʑ,,aː,ŋ,1
ʑ,,ɛ,ŋ,1
ʑ,,aː,w,1
ʑ,,a,w,1
ʑ,,a,j,1
ʑ,,ɛ,,1
ʑ,,ɛ,n,1
ʑ,,ɛ,w,1
ʑ,,i,m,1
ʑ,,i,n,1
ʑ,,ɔ,,1
ʑ,w,aː,n,1
ʑ,,ɔ,j,1
ʑ,,ɔ,n,1
ʑ,,ɔ,ŋ,1
ʑ,w,aː,ŋ,2
ʑ,w,a,ŋ,1
ʑ,,u,,1
ʑ,,uə,,1
ʑ,,u,n,1
ʑ,,uə,k,6
ʑ,,aː,,2
ʑ,,aː,m,2
ʑ,,aː,n,2
ʑ,,aː,ŋ,2
ʑ,,ɛ,ŋ,2
ʑ,,aː,w,2
ʑ,,a,w,2
ʑ,,a,j,2
ʑ,,aː,,5
ʑ,,aː,k,5
ʑ,,aː,m,5
ʑ,,aː,n,5
ʑ,,aː,ŋ,5
ʑ,,aː,w,5
ʑ,,aː,p,5
ʑ,,aː,t,5
ʑ,,a,j,5
ʑ,,ə,m,1
ʑ,,ə,w,1
ʑ,,ə,j,1
ʑ,,aː,,4
ʑ,,aː,j,4
ʑ,,aː,n,4
ʑ,,a,j,4
ʑ,,ɛ,m,2
ʑ,,ɛ,,5
ʑ,,ɛ,w,5
ʑ,,iə,,1
ʑ,,iə,ŋ,1
ʑ,,ɔ,,2
ʑ,,ɔ,j,2
ʑ,,ɔ,n,2
ʑ,,ɔ,,5
ʑ,,ɔ,k,5
ʑ,,ɔ,j,5
ʑ,,ɔ,n,5
ʑ,,ɔ,ŋ,5
ʑ,,ɔ,t,5
ʑ,,o,,1
ʑ,,o,n,1
ʑ,,o,ŋ,1
ʑ,,u,j,2
ʑ,,u,m,2
ʑ,,u,,5
ʑ,,u,j,5
ʑ,,u,p,5
ʑ,,u,t,5
ʑ,,u,,4
ʑ,,əː,,1
ʑ,,aː,,6
ʑ,,aː,,3
ʑ,,ɛ,,3
ʑ,,ɛ,,4
ʑ,,iə,,2
ʑ,,ɔ,,6
ʑ,,ɔ,,3
ʑ,,o,,2
ʑ,,o,,4
ʑ,,o,,6
ʑ,,əː,,5
ʑ,,əː,,2
ʑ,,əː,,3
ʑ,,əː,,4
ʑ,,ɨ,,2
ʑ,,ɨ,,4
ʑ,,uə,,4
ʑ,,uə,,6
ʑ,,ɨə,,3
ʑ,,ɨə,,4
ʑ,,aː,k,6
ʑ,,ə,k,5
ʑ,,a,k,5
ʑ,,a,k,6
ʑ,,iə,k,5
ʑ,,ɔ,k,6
ʑ,,o,k,5
ʑ,,u,k,6
ʑ,,aː,j,6
ʑ,,aː,j,3
ʑ,,ɔ,j,6
ʑ,,ɔ,j,3
ʑ,,o,j,5
ʑ,,o,j,2
ʑ,,o,j,3
ʑ,,o,j,4
ʑ,,o,j,6
ʑ,,əː,j,5
ʑ,,əː,j,2
ʑ,,u,j,6
ʑ,,u,j,3
ʑ,,a,m,1
ʑ,,aː,m,6
ʑ,,aː,m,3
ʑ,,ə,m,5
ʑ,,ə,m,2
ʑ,,ə,m,4
ʑ,,ə,m,6
ʑ,,a,m,5
ʑ,,a,m,2
ʑ,,a,m,4
ʑ,,a,m,6
ʑ,,iə,m,5
ʑ,,aː,n,3
ʑ,,ə,n,5
ʑ,,ə,n,2
ʑ,,ə,n,6
ʑ,,a,n,5
ʑ,,a,n,2
ʑ,,a,n,3
ʑ,,a,n,6
ʑ,,ɔ,n,3
ʑ,,əː,n,2
ʑ,,əː,n,4
ʑ,,a,ŋ,1
ʑ,,aː,ŋ,6
ʑ,,aː,ŋ,3
ʑ,,a,ŋ,5
ʑ,,a,ŋ,2
ʑ,,iə,ŋ,5
ʑ,,iə,ŋ,2
ʑ,,ɔ,ŋ,6
ʑ,,ɔ,ŋ,3
ʑ,,o,ŋ,5
ʑ,,o,ŋ,2
ʑ,,ɛ,ŋ,3
ʑ,,aː,w,3
ʑ,,ɛ,w,6
ʑ,,aː,p,6
ʑ,,ə,p,5
ʑ,,ə,p,6
ʑ,,ɛ,p,6
ʑ,,o,p,6
ʑ,,aː,t,6
ʑ,,ə,t,6
ʑ,,a,t,5
ʑ,,a,t,6
ʑ,,iə,t,5
ʑ,,ɔ,t,6
ʑ,,o,t,5
ʑ,,ɨ,t,6
ʑ,,a,w,3
ʑ,,ə,w,5
ʑ,,ə,w,2
ʑ,,ə,w,6
ʑ,,e,w,4
ʑ,,ə,j,5
ʑ,,ə,j,2
ʑ,,ə,j,4
ʑ,,ɨə,ŋ,1
ʑ,,ɨə,ŋ,5
ʑ,,ɨə,ŋ,2
ʑ,,ɨə,ŋ,6
ɣ,,ɔ,,1
ɣ,w,aː,,1
ɣ,,ɔ,j,1
ɣ,,ɔ,m,1
ɣ,,ɔ,n,1
ɣ,,ɔ,ŋ,1
ɣ,w,aː,,5
ɣ,,u,,1
ɣ,,u,j,1
ɣ,,u,m,1
ɣ,,u,n,1
ɣ,,u,ŋ,1
ɣ,w,i,,1
ɣ,w,iə,n,1
ɣ,,uə,k,5
ɣ,,uə,k,6
ɣ,,uə,j,2
ɣ,,uə,n,6
ɣ,,uə,ŋ,2
ɣ,,uə,ŋ,3
ɣ,,uə,t,6
ɣ,,aː,,2
ɣ,,aː,j,2
ɣ,,aː,n,2
ɣ,,aː,ŋ,2
ɣ,,ɛ,ŋ,2
ɣ,,aː,w,2
ɣ,,a,w,2
ɣ,,a,j,2
ɣ,,aː,,5
ɣ,,aː,k,5
ɣ,,aː,j,5
ɣ,,aː,m,5
ɣ,,aː,n,5
ɣ,,ɛ,ŋ,5
ɣ,,aː,w,5
ɣ,,aː,p,5
ɣ,,aː,t,5
ɣ,,a,w,5
ɣ,,a,j,5
ɣ,,ə,m,1
ɣ,,ə,n,1
ɣ,,ə,w,1
ɣ,,ə,j,1
ɣ,,aː,,4
ɣ,,aː,j,4
ɣ,,a,j,4
z,,iə,,5
ɣ,,ɔ,,2
ɣ,,ɔ,j,2
ɣ,,ɔ,n,2
ɣ,,ɔ,k,5
ɣ,,ɔ,j,5
ɣ,,ɔ,p,5
ɣ,,ɔ,t,5
ɣ,,o,,1
ɣ,,o,j,1
ɣ,,o,m,1
ɣ,,o,n,1
ɣ,,o,ŋ,1
ɣ,,ɔ,,4
ɣ,,u,,2
ɣ,,uə,,2
ɣ,,u,j,2
ɣ,,u,n,2
ɣ,,u,ŋ,2
ɣ,,u,,5
ɣ,,uə,,5
ɣ,,u,p,5
ɣ,,u,t,5
ɣ,,əː,,1
ɣ,,aː,,6
ɣ,,aː,,3
ɣ,,ɔ,,6
ɣ,,o,,2
ɣ,,o,,3
ɣ,,o,,4
ɣ,,o,,6
ɣ,,əː,,2
ɣ,,əː,,3
ɣ,,əː,,4
ɣ,,u,,6
ɣ,,ɨ,,2
ɣ,,ɨ,,4
z,,iə,,3
ɣ,,uə,,3
ɣ,,ɨə,,2
ɣ,,ɨə,,4
ɣ,,aː,k,6
ɣ,,ə,k,5
ɣ,,a,k,6
ɣ,,ɔ,k,6
ɣ,,o,k,5
ɣ,,o,k,6
ɣ,,u,k,6
ɣ,,ɛ,k,6
ɣ,,u,j,4
ɣ,,aː,j,6
ɣ,,aː,j,3
ɣ,,ɔ,j,6
ɣ,,ɔ,j,3
ɣ,,o,j,5
ɣ,,o,j,2
ɣ,,o,j,6
ɣ,,əː,j,5
ɣ,,əː,j,3
ɣ,,əː,j,6
ɣ,,u,j,6
ɣ,,u,j,3
ɣ,,ɨ,j,3
ɣ,,a,m,1
ɣ,,ə,m,5
ɣ,,ə,m,2
ɣ,,ə,m,3
ɣ,,ə,m,4
ɣ,,ə,m,6
ɣ,,a,m,5
ɣ,,a,m,2
ɣ,,a,m,6
ɣ,,o,m,5
ɣ,,o,m,2
ɣ,,əː,m,5
ɣ,,əː,m,2
ɣ,,a,n,1
ɣ,,aː,n,6
ɣ,,ə,n,5
ɣ,,ə,n,2
ɣ,,ə,n,6
ɣ,,a,n,5
ɣ,,a,n,2
ɣ,,a,n,6
z,,i,n,6
ɣ,,ɔ,n,6
ɣ,,əː,n,2
ɣ,,əː,n,6
ɣ,,a,ŋ,1
ɣ,,a,ŋ,5
ɣ,,a,ŋ,4
ɣ,,a,ŋ,6
ɣ,,ɔ,ŋ,6
ɣ,,ɔ,ŋ,3
ɣ,,o,ŋ,2
ɣ,,ɨ,ŋ,5
ɣ,,ɨ,ŋ,2
ɣ,,ɛ,ŋ,6
ɣ,,ɛ,ŋ,3
ɣ,,aː,w,6
ɣ,,ə,p,5
ɣ,,ə,p,6
ɣ,,a,p,5
ɣ,,a,p,6
ɣ,,o,p,6
ɣ,,əː,p,5
ɣ,,aː,t,6
ɣ,,ə,t,6
ɣ,,a,t,5
ɣ,,a,t,6
ɣ,,ɔ,t,6
ɣ,,o,t,6
ɣ,,əː,t,6
ɣ,,u,t,6
ɣ,,ə,w,5
ɣ,,ə,w,2
ɣ,,ə,w,4
ɣ,,a,j,6
ɣ,,a,j,3
ɣ,,ə,j,5
ɣ,,ə,j,2
ɣ,,ə,j,3
ɣ,,ə,j,4
ɣ,,ə,j,6
ɣ,,ɨə,j,2
ɣ,,ɨə,j,3
ɣ,,ɨə,m,1
ɣ,,ɨə,m,2
ɣ,,ɨə,m,6
ɣ,,ɨə,ŋ,1
ɣ,,ɨə,ŋ,2
ɣ,,ɨə,ŋ,4
ɣ,,ɨə,ŋ,6
h,,aː,,1
h,,aː,j,1
h,,aː,m,1
h,,aː,n,1
h,,aː,ŋ,1
h,,ɛ,ŋ,1
h,,aː,w,1
h,,a,w,1
h,,a,j,1
h,,ɛ,,1
h,,ɛ,m,1
h,,ɛ,n,1
h,,ɛ,w,1
h,,i,,1
h,,iə,,1
h,,i,m,1
h,,i,n,1
h,,i,ŋ,1
h,,i,w,1
h,,iə,m,1
h,,iə,n,1
h,,iə,ŋ,1
h,,iə,w,1
h,,iə,k,5
h,,iə,m,5
h,,iə,m,2
h,,iə,m,3
h,,iə,m,6
h,,iə,n,5
h,,iə,n,2
h,,iə,n,3
h,,iə,n,6
h,,iə,ŋ,5
h,,iə,ŋ,2
h,,iə,p,5
h,,iə,p,6
h,,iə,t,5
h,,iə,t,6
h,,iə,w,5
h,,iə,w,2
h,,iə,w,3
h,,iə,w,6
h,,ɔ,,1
h,w,aː,,1
h,w,aː,j,1
h,w,aː,n,1
h,w,aː,ŋ,1
h,w,ɛ,ŋ,1
h,w,a,j,1
h,w,ɛ,,1
h,w,ɛ,n,1
h,,ɔ,j,1
h,,ɔ,m,1
h,,ɔ,n,1
h,,ɔ,ŋ,1
h,w,aː,,2
h,w,aː,j,2
h,w,aː,n,2
h,w,aː,ŋ,2
h,w,ɛ,ŋ,2
h,w,aː,,5
h,w,aː,k,5
h,w,aː,n,5
h,w,aː,ŋ,5
h,w,ɛ,ŋ,5
h,w,aː,t,5
h,w,a,j,5
h,w,aː,n,4
h,w,aː,ŋ,4
h,w,ɛ,,2
h,w,ɛ,t,5
h,w,aː,,6
h,w,aː,,3
h,w,ɛ,,6
h,w,aː,k,6
h,w,a,k,5
h,w,a,k,6
h,w,ɛ,k,6
h,w,aː,j,6
h,w,aː,j,3
h,w,a,m,1
h,w,a,m,5
h,w,aː,n,6
h,w,aː,n,3
h,w,a,n,2
h,w,a,n,3
h,w,a,n,6
h,w,ɛ,n,3
h,w,a,ŋ,1
h,w,aː,ŋ,3
h,w,a,ŋ,2
h,w,a,ŋ,4
h,w,ɛ,ŋ,6
h,w,ɛ,ŋ,3
h,w,aː,t,6
h,w,a,t,5
h,w,ɛ,t,6
h,,u,,1
h,,uə,,1
h,,u,j,1
h,,u,m,1
h,,u,n,1
h,,u,ŋ,1
h,w,i,,1
h,w,i,n,1
h,w,i,ŋ,1
h,w,iə,n,1
h,w,iə,n,5
h,w,iə,n,2
h,w,iə,n,4
h,w,iə,n,6
h,w,iə,t,5
h,w,iə,t,6
h,w,ə,n,1
h,w,e,,1
h,w,e,ŋ,1
h,,uə,j,1
h,w,i,,5
h,w,i,k,5
h,w,i,ŋ,5
h,w,i,t,5
h,w,e,,5
h,w,e,,2
h,w,e,,6
h,w,i,,2
h,w,i,,3
h,w,e,k,5
h,w,i,k,6
h,,uə,j,5
h,,uə,j,2
h,,uə,j,3
h,,uə,j,6
h,w,ə,n,5
h,w,ə,n,2
h,w,ə,n,3
h,w,ə,n,6
h,,uə,ŋ,5
h,,uə,ŋ,3
h,w,i,ŋ,2
h,,uə,t,5
h,w,ə,j,2
h,,aː,,2
h,,aː,j,2
h,,aː,m,2
h,,aː,n,2
h,,aː,ŋ,2
h,,ɛ,ŋ,2
h,,aː,w,2
h,,a,w,2
h,,a,j,2
h,,aː,,5
h,,aː,k,5
h,,ɛ,k,5
h,,aː,j,5
h,,aː,m,5
h,,aː,n,5
h,,aː,ŋ,5
h,,ɛ,ŋ,5
h,,aː,w,5
h,,aː,p,5
h,,aː,t,5
h,,a,w,5
h,,a,j,5
h,,ə,m,1
h,,ə,n,1
h,,ə,w,1
h,,ə,j,1
h,,aː,j,4
h,,aː,m,4
h,,aː,n,4
h,,aː,ŋ,4
h,,ɛ,ŋ,4
h,,aː,w,4
h,,a,j,4
h,,ɛ,,2
h,,ɛ,m,2
h,,ɛ,n,2
h,,ɛ,w,2
h,,ɛ,,5
h,,ɛ,n,5
h,,ɛ,w,5
h,,ɛ,p,5
h,,ɛ,t,5
h,,e,,1
h,,e,n,1
h,,e,ŋ,1
h,,i,,2
h,,i,ŋ,2
h,,i,,5
h,,iə,,5
h,,i,k,5
h,,i,n,5
h,,i,ŋ,5
h,,i,p,5
h,,i,t,5
h,,ɔ,,2
h,,ɔ,j,2
h,,ɔ,m,2
h,,ɔ,n,2
h,,ɔ,ŋ,2
h,,ɔ,,5
h,,ɔ,k,5
h,,ɔ,j,5
h,,ɔ,m,5
h,,ɔ,n,5
h,,ɔ,ŋ,5
h,,ɔ,p,5
h,,ɔ,t,5
h,,o,,1
h,,o,j,1
h,,o,m,1
h,,o,n,1
h,,o,ŋ,1
h,,ɔ,m,4
h,,u,,2
h,,uə,,2
h,,u,j,2
h,,u,m,2
h,,u,n,2
h,,u,ŋ,2
h,,u,,5
h,,uə,,5
h,,u,k,5
h,,u,j,5
h,,u,m,5
h,,u,n,5
h,,u,ŋ,5
h,,u,p,5
h,,u,t,5
h,,i,,4
h,,u,,4
h,,əː,,1
h,,ɨ,,1
h,,aː,,6
h,,aː,,3
h,,ɛ,,6
h,,ɛ,,3
h,,e,,5
h,,e,,2
h,,e,,3
h,,e,,4
h,,e,,6
h,,i,,3
h,,i,,6
h,,ɔ,,6
h,,ɔ,,3
h,,o,,5
h,,o,,2
h,,o,,3
h,,o,,4
h,,o,,6
h,,əː,,5
h,,əː,,2
h,,əː,,3
h,,əː,,4
h,,əː,,6
h,,u,,6
h,,u,,3
h,,ɨ,,5
h,,ɨ,,2
h,,ɨ,,3
h,,ɨ,,4
h,,ɨ,,6
h,,ɨə,,1
h,,uə,,3
h,,ɨə,,5
h,,ɨə,,2
h,,aː,k,6
h,,a,k,5
h,,a,k,6
h,,ɔ,k,6
h,,o,k,5
h,,o,k,6
h,,u,k,6
h,,ɨ,k,5
h,,ɨ,k,6
h,,ɛ,k,6
h,,e,k,5
h,,e,k,6
h,,i,k,6
h,,əː,j,1
h,,aː,j,6
h,,aː,j,3
h,,ɔ,j,6
h,,ɔ,j,3
h,,o,j,5
h,,o,j,2
h,,o,j,3
h,,o,j,6
h,,əː,j,5
h,,əː,j,2
h,,əː,j,3
h,,əː,j,4
h,,əː,j,6
h,,u,j,6
h,,u,j,3
h,,a,m,1
h,,i,m,4
h,,u,m,4
h,,aː,m,6
h,,aː,m,3
h,,ə,m,5
h,,ə,m,2
h,,ə,m,3
h,,ə,m,6
h,,a,m,2
h,,a,m,3
h,,a,m,4
h,,a,m,6
h,,ɛ,m,6
h,,ɛ,m,3
h,,ɛ,m,4
h,,ɔ,m,3
h,,o,m,3
h,,o,m,4
h,,əː,m,5
h,,əː,m,2
h,,əː,m,4
h,,əː,m,6
h,,u,m,6
h,,u,m,3
h,,ɨ,m,2
h,,a,n,1
h,,əː,n,1
h,,aː,n,6
h,,aː,n,3
h,,ə,n,5
h,,ə,n,6
h,,a,n,5
h,,a,n,2
h,,a,n,3
h,,a,n,4
h,,ɛ,n,6
h,,ɛ,n,3
h,,e,n,5
h,,e,n,3
h,,e,n,6
h,,ɔ,n,3
h,,o,n,2
h,,o,n,3
h,,o,n,4
h,,o,n,6
h,,əː,n,5
h,,əː,n,2
h,,əː,n,3
h,,u,n,3
h,,a,ŋ,1
h,,u,ŋ,4
h,,əː,ŋ,1
h,,ɨ,ŋ,1
h,,aː,ŋ,6
h,,aː,ŋ,3
h,,ə,ŋ,5
h,,ə,ŋ,3
h,,ə,ŋ,4
h,,a,ŋ,5
h,,a,ŋ,2
h,,a,ŋ,4
h,,ɔ,ŋ,6
h,,ɔ,ŋ,3
h,,o,ŋ,5
h,,o,ŋ,2
h,,o,ŋ,3
h,,o,ŋ,4
h,,u,ŋ,3
h,,ɨ,ŋ,5
h,,ɨ,ŋ,2
h,,ɨ,ŋ,3
h,,ɨ,ŋ,4
h,,i,ŋ,4
h,,ɛ,ŋ,6
h,,ɛ,ŋ,3
h,,e,ŋ,2
h,,e,ŋ,3
h,,i,ŋ,3
h,,aː,w,6
h,,aː,w,3
h,,ɛ,w,6
h,,ɛ,w,3
h,,aː,p,6
h,,ə,p,5
h,,ə,p,6
h,,ɛ,p,6
h,,ɔ,p,6
h,,o,p,6
h,,əː,p,5
h,,əː,p,6
h,,u,p,6
h,,aː,t,6
h,,ə,t,5
h,,a,t,5
h,,ɛ,t,6
h,,e,t,5
h,,e,t,6
h,,ɔ,t,6
h,,o,t,5
h,,o,t,6
h,,əː,t,5
h,,əː,t,6
h,,u,t,6
h,,ɨ,w,1
h,,ə,w,5
h,,ə,w,2
h,,ə,w,3
h,,ə,w,4
h,,ə,w,6
h,,e,w,5
h,,e,w,2
h,,e,w,3
h,,ɨ,w,4
h,,ɨ,w,6
h,,a,j,6
h,,a,j,3
h,,ə,j,5
h,,ə,j,2
h,,ə,j,3
h,,ɨə,k,5
h,,ɨə,m,1
h,,ɨə,m,5
h,,ɨə,m,2
h,,ɨə,m,6
h,,ɨə,n,1
h,,ɨə,n,3
h,,ɨə,ŋ,1
h,,ɨə,ŋ,5
h,,ɨə,ŋ,2
h,,ɨə,ŋ,3
h,,ɨə,ŋ,4
h,,ɨə,w,1
h,,ɨə,w,6
ʔ,,iə,,1
ʔ,,i,m,1
ʔ,,i,n,1
ʔ,,i,ŋ,1
ʔ,,i,w,1
k,,ɛ,,1
k,,ɛ,m,1
k,,ɛ,n,1
k,,ɛ,w,1
x,,aː,,1
x,,aː,j,1
x,,aː,m,1
x,,aː,n,1
x,,aː,ŋ,1
x,,ɛ,ŋ,1
x,,aː,w,1
x,,a,w,1
x,,a,j,1
x,,ɛ,,1
x,,ɛ,m,1
x,,ɛ,n,1
x,,ɛ,w,1
x,,i,,1
x,,i,m,1
x,,i,n,1
x,,i,ŋ,1
x,,i,w,1
x,,iə,m,1
x,,iə,n,1
x,,iə,ŋ,1
x,,iə,w,1
x,,iə,m,5
x,,iə,m,6
x,,iə,n,5
x,,iə,n,2
x,,iə,n,3
x,,iə,n,6
x,,iə,ŋ,3
x,,iə,ŋ,4
x,,iə,ŋ,6
x,,iə,p,5
x,,iə,t,5
x,,iə,w,5
x,,iə,w,3
x,,ɔ,,1
x,w,aː,,1
x,w,aː,j,1
x,w,aː,n,1
x,w,aː,ŋ,1
x,w,ɛ,ŋ,1
x,w,ɛ,,1
x,w,ɛ,n,1
x,w,ɛ,w,1
x,,ɔ,j,1
x,,ɔ,m,1
x,,ɔ,n,1
x,,ɔ,ŋ,1
x,w,aː,j,2
x,w,aː,n,2
x,w,aː,ŋ,2
x,w,ɛ,ŋ,2
x,w,a,w,2
x,w,aː,,5
x,w,aː,k,5
x,w,ɛ,k,5
x,w,aː,j,5
x,w,aː,n,5
x,w,aː,ŋ,5
x,w,aː,t,5
x,w,a,j,5
x,w,ɛ,w,2
x,w,ɛ,,5
x,w,ɛ,n,5
x,w,ɛ,t,5
x,w,aː,,3
x,w,ɛ,,3
x,w,aː,j,3
x,w,a,m,1
x,w,a,m,5
x,w,a,m,2
x,w,a,m,6
x,w,a,n,1
x,w,aː,n,3
x,w,a,n,5
x,w,aː,ŋ,6
x,w,aː,ŋ,3
x,w,a,ŋ,5
x,w,ɛ,ŋ,3
x,w,ɛ,w,3
x,w,a,t,5
x,,u,,1
x,,uə,,1
x,,u,j,1
x,,u,m,1
x,,u,n,1
x,,u,ŋ,1
x,w,i,,1
x,w,iə,,1
x,w,i,ŋ,1
x,w,iə,n,1
x,w,iə,n,5
x,w,iə,n,3
x,w,iə,t,5
x,w,ə,n,1
x,w,ə,ŋ,1
x,w,ə,j,1
x,w,e,,1
x,,uə,n,1
x,,uə,ŋ,1
x,w,i,p,5
x,,uə,,2
x,w,i,,6
x,w,i,,3
x,w,e,k,5
x,,uə,j,3
x,w,ə,n,3
x,,uə,ŋ,5
x,w,i,ŋ,2
x,w,i,ŋ,3
x,w,ə,t,5
x,w,e,w,2
x,w,i,w,6
x,w,i,w,3
x,w,ə,j,5
x,,aː,,2
x,,aː,j,2
x,,aː,n,2
x,,aː,ŋ,2
x,,ɛ,ŋ,2
x,,aː,w,2
x,,a,j,2
x,,aː,,5
x,,aː,k,5
x,,ɛ,k,5
x,,aː,j,5
x,,aː,m,5
x,,aː,n,5
x,,aː,ŋ,5
x,,ɛ,ŋ,5
x,,aː,w,5
x,,aː,p,5
x,,aː,t,5
x,,a,w,5
x,,a,j,5
x,,ə,m,1
x,,ə,n,1
x,,ə,ŋ,1
x,,ə,w,1
x,,ɛ,,2
x,,ɛ,n,2
x,,ɛ,w,2
x,,ɛ,,5
x,,ɛ,n,5
x,,ɛ,w,5
x,,ɛ,p,5
x,,ɛ,t,5
x,,e,,1
x,,e,ŋ,1
x,,e,w,1
x,,i,,2
x,,iə,,2
x,,i,n,2
x,,i,,5
x,,iə,,5
x,,i,k,5
x,,i,n,5
x,,i,ŋ,5
x,,i,t,5
x,,i,w,5
x,,ɔ,,2
x,w,ɛ,,2
x,,ɔ,m,2
x,,ɔ,n,2
x,,ɔ,ŋ,2
x,,ɔ,,5
x,,ɔ,k,5
x,,ɔ,j,5
x,,ɔ,m,5
x,,o,,1
x,,o,j,1
x,,o,m,1
x,,o,n,1
x,,o,ŋ,1
x,,u,,2
x,,u,ŋ,2
x,,u,,5
x,,u,k,5
x,,u,m,5
x,,u,ŋ,5
x,,əː,,1
x,,ɨ,,1
x,,aː,,6
x,,aː,,3
x,,ɛ,,3
x,,ɛ,,4
x,,e,,5
x,,e,,2
x,,e,,6
x,,i,,3
x,,i,,6
x,,ɔ,,3
x,,o,,5
x,,o,,3
x,,əː,,5
x,,əː,,2
x,,u,,6
x,,u,,3
x,,ɨ,,5
x,,ɨ,,2
x,,ɨ,,3
x,,ɨ,,6
x,,iə,,6
x,,uə,,3
x,,ɨə,,5
x,,ɨə,,2
x,,aː,k,6
x,,ə,k,5
x,,ə,k,6
x,,a,k,5
x,,a,k,6
x,,ɛ,k,6
x,,o,k,5
x,,u,k,6
x,,ɨ,k,5
x,,e,k,6
x,,əː,j,1
x,,aː,j,3
x,,ɔ,j,3
x,,o,j,5
x,,əː,j,5
x,,əː,j,3
x,,a,m,1
x,,aː,m,3
x,,ə,m,5
x,,ə,m,3
x,,ə,m,6
x,,a,m,5
x,,a,m,2
x,,a,m,3
x,,ɛ,m,3
x,,ɔ,m,6
x,,o,m,5
x,,u,m,6
x,,a,n,1
x,,ɨ,n,1
x,,aː,n,3
x,,ə,n,5
x,,ə,n,3
x,,a,n,5
x,,a,n,2
x,,a,n,3
x,,a,n,6
x,,ɔ,n,3
x,,o,n,5
x,,o,n,3
x,,a,ŋ,1
x,,aː,ŋ,6
x,,aː,ŋ,3
x,,ə,ŋ,2
x,,a,ŋ,5
x,,a,ŋ,2
x,,a,ŋ,3
x,,a,ŋ,6
x,,ɔ,ŋ,3
x,,o,ŋ,5
x,,o,ŋ,2
x,,o,ŋ,3
x,,o,ŋ,6
x,,u,ŋ,6
x,,u,ŋ,3
x,,ɨ,ŋ,5
x,,ɨ,ŋ,2
x,,ɨ,ŋ,6
x,,i,ŋ,4
x,,ɛ,ŋ,3
x,,e,ŋ,5
x,,e,ŋ,2
x,,e,ŋ,3
x,,e,ŋ,4
x,,e,ŋ,6
x,,i,ŋ,3
x,,aː,w,6
x,,aː,w,3
x,,ɛ,w,3
x,,aː,p,6
x,,ə,p,5
x,,ə,p,6
x,,a,p,5
x,,o,p,6
x,,əː,p,5
x,,ə,t,5
x,,ə,t,6
x,,a,t,5
x,,ɛ,t,6
x,,i,t,6
x,,ɔ,t,6
x,,u,t,6
x,,ɨ,w,1
x,,a,w,3
x,,ə,w,5
x,,ə,w,2
x,,ə,w,3
x,,e,w,2
x,,i,w,6
x,,ɨ,w,5
x,,a,j,3
x,,ə,j,5
x,,ə,j,3
x,,u,j,6
x,,ɨə,k,5
x,,ɨə,j,1
x,,ɨə,m,1
x,,ɨə,n,1
x,,ɨə,ŋ,1
x,,ɨə,ŋ,2
x,,ɨə,ŋ,3
x,,ɨə,ŋ,4
x,,ɨə,t,5
x,,ɨə,t,6
x,,ɨə,w,5
k,,iə,,1
k,,i,m,1
k,,i,n,1
k,,i,ŋ,1
k,,iə,m,1
k,,iə,n,1
k,,iə,ŋ,1
k,,iə,w,1
k,,iə,m,5
k,,iə,m,2
k,,iə,m,3
k,,iə,m,6
k,,iə,n,5
k,,iə,n,2
k,,iə,n,3
k,,iə,n,6
k,,iə,ŋ,5
k,,iə,ŋ,2
k,,iə,ŋ,3
k,,iə,ŋ,4
k,,iə,p,5
k,,iə,p,6
k,,iə,t,5
k,,iə,t,6
k,,iə,w,5
k,,iə,w,2
k,,iə,w,3
k,,iə,w,6
k,w,e,ŋ,1
k,w,i,p,5
k,,ɛ,,2
k,,ɛ,m,2
k,,ɛ,n,2
k,,ɛ,w,2
k,,ɛ,,5
k,,ɛ,m,5
k,,ɛ,n,5
k,,ɛ,w,5
k,,ɛ,p,5
k,,ɛ,t,5
k,,e,,1
k,,e,n,1
k,,e,ŋ,1
k,,e,w,1
k,,i,,2
k,,iə,,2
k,,i,m,2
k,,i,n,2
k,,i,ŋ,2
k,,i,,5
k,,iə,,5
k,,i,k,5
k,,i,m,5
k,,i,n,5
k,,i,ŋ,5
k,,i,p,5
k,,i,t,5
k,,i,w,5
k,,i,,4
k,,ɛ,,6
k,,ɛ,,3
k,,ɛ,,4
k,,e,,5
k,,e,,2
k,,e,,3
k,,e,,6
k,,i,,3
k,,i,,6
k,,iə,,6
k,,e,k,5
k,,e,k,6
k,,i,k,6
k,,ɛ,m,6
k,,ɛ,m,3
k,,ɛ,m,4
k,,e,m,5
k,,e,m,2
k,,i,n,4
k,,ɛ,n,6
k,,e,n,5
k,,e,n,2
k,,e,ŋ,2
k,,e,ŋ,4
k,,e,ŋ,6
k,,i,ŋ,3
k,,ɛ,w,6
k,,ɛ,w,3
k,,ɛ,w,4
k,,ɛ,p,6
k,,e,p,5
k,,i,p,6
k,,ɛ,t,6
k,,e,t,5
k,,i,t,6
k,,i,w,4
k,,e,w,5
k,,e,w,2
l,,aː,,1
l,,aː,j,1
l,,aː,m,1
l,,aː,n,1
l,,aː,ŋ,1
l,,ɛ,ŋ,1
l,,aː,w,1
l,,a,w,1
l,,a,j,1
l,,ɛ,,1
l,,ɛ,m,1
l,,ɛ,n,1
l,,ɛ,w,1
l,,i,,1
l,,iə,,1
l,,i,m,1
l,,i,n,1
l,,i,ŋ,1
l,,i,w,1
l,,iə,m,1
l,,iə,n,1
l,,iə,ŋ,1
l,,iə,w,1
l,,iə,k,5
l,,iə,k,6
l,,iə,m,5
l,,iə,m,2
l,,iə,m,4
l,,iə,m,6
l,,iə,n,5
l,,iə,n,2
l,,iə,n,4
l,,iə,n,6
l,,iə,ŋ,5
l,,iə,ŋ,2
l,,iə,ŋ,3
l,,iə,ŋ,4
l,,iə,ŋ,6
l,,iə,p,5
l,,iə,p,6
l,,iə,t,6
l,,iə,w,5
l,,iə,w,2
l,,iə,w,4
l,,iə,w,6
l,,ɔ,,1
l,w,aː,,1
l,w,aː,j,1
l,w,aː,n,1
l,w,aː,ŋ,1
l,w,ɛ,ŋ,1
l,w,a,j,1
l,w,ɛ,,1
l,w,ɛ,n,1
l,,ɔ,j,1
l,,ɔ,m,1
l,,ɔ,n,1
l,,ɔ,ŋ,1
l,w,aː,,2
l,w,aː,j,2
l,w,aː,n,2
l,w,aː,ŋ,2
l,w,aː,,5
l,w,aː,k,5
l,w,aː,n,5
l,w,aː,ŋ,5
l,w,a,w,5
l,w,aː,t,5
l,w,a,j,5
l,w,aː,,4
l,w,aː,n,4
l,w,aː,ŋ,4
l,w,ɛ,,2
l,w,ɛ,,5
l,w,ɛ,t,5
l,w,aː,,3
l,w,aː,k,6
l,w,ɛ,k,6
l,w,aː,j,6
l,w,a,n,1
l,w,aː,n,6
l,w,a,n,5
l,w,a,n,2
l,w,a,ŋ,1
l,w,aː,ŋ,6
l,w,aː,ŋ,3
l,w,a,ŋ,2
l,w,ɛ,ŋ,3
l,w,ɛ,w,3
l,w,aː,t,6
l,w,a,t,5
l,w,ɛ,t,6
l,,u,,1
l,,uə,,1
l,,u,j,1
l,,u,m,1
l,,u,n,1
l,,u,ŋ,1
l,w,i,,1
l,w,iə,,1
l,w,i,n,1
l,w,i,ŋ,1
l,w,iə,n,1
l,w,iə,n,5
l,w,iə,n,6
l,w,iə,t,6
l,w,ə,n,1
l,,uə,m,1
l,,uə,n,1
l,,uə,ŋ,1
l,w,i,,5
l,w,i,k,5
l,w,i,ŋ,5
l,w,i,t,5
l,w,e,,6
l,w,i,,6
l,w,i,,4
l,,uə,k,5
l,,uə,k,6
l,,uə,j,2
l,,uə,m,6
l,w,ə,n,5
l,w,ə,n,3
l,w,ə,n,6
l,,uə,n,2
l,,uə,ŋ,5
l,,uə,ŋ,2
l,,uə,ŋ,3
l,,uə,ŋ,4
l,w,ə,t,6
l,,uə,t,5
l,,uə,t,6
l,,aː,,2
l,,aː,j,2
l,,aː,m,2
l,,aː,n,2
l,,aː,ŋ,2
l,,ɛ,ŋ,2
l,,aː,w,2
l,,a,w,2
l,,a,j,2
l,,aː,,5
l,,aː,k,5
l,,ɛ,k,5
l,,aː,j,5
l,,aː,n,5
l,,aː,ŋ,5
l,,ɛ,ŋ,5
l,,aː,w,5
l,,aː,p,5
l,,aː,t,5
l,,a,w,5
l,,a,j,5
l,,ə,m,1
l,,ə,n,1
l,,ə,ŋ,1
l,,ə,w,1
l,,ə,j,1
l,,aː,,4
l,,aː,j,4
l,,aː,m,4
l,,aː,n,4
l,,aː,ŋ,4
l,,ɛ,ŋ,4
l,,aː,w,4
l,,ɛ,,2
l,,ɛ,m,2
l,,ɛ,n,2
l,,ɛ,w,2
l,,ɛ,,5
l,,ɛ,m,5
l,,ɛ,n,5
l,,ɛ,w,5
l,,ɛ,p,5
l,,ɛ,t,5
l,,e,,1
l,,e,n,1
l,,e,ŋ,1
l,,e,w,1
l,,i,,2
l,,iə,,2
l,,i,m,2
l,,i,n,2
l,,i,ŋ,2
l,,i,w,2
l,,i,,5
l,,iə,,5
l,,i,k,5
l,,i,ŋ,5
l,,i,p,5
l,,i,t,5
l,,i,w,5
l,,ɔ,,2
l,,ɔ,j,2
l,,ɔ,m,2
l,,ɔ,n,2
l,,ɔ,ŋ,2
l,,ɔ,,5
l,,ɔ,k,5
l,,ɔ,j,5
l,,ɔ,m,5
l,,ɔ,ŋ,5
l,,ɔ,p,5
l,,ɔ,t,5
l,,o,,1
l,,o,j,1
l,,o,m,1
l,,o,n,1
l,,o,ŋ,1
l,,ɔ,,4
l,,ɔ,j,4
l,,ɔ,m,4
l,,ɔ,ŋ,4
l,,u,,2
l,,uə,,2
l,,u,j,2
l,,u,m,2
l,,u,n,2
l,,u,ŋ,2
l,,u,,5
l,,uə,,5
l,,u,k,5
l,,u,j,5
l,,u,m,5
l,,u,n,5
l,,u,ŋ,5
l,,u,p,5
l,,u,t,5
l,,i,,4
l,,u,,4
l,,əː,,1
l,,ɨ,,1
l,,aː,,6
l,,aː,,3
l,,ɛ,,6
l,,ɛ,,3
l,,ɛ,,4
l,,e,,5
l,,e,,2
l,,e,,3
l,,e,,4
l,,e,,6
l,,i,,3
l,,i,,6
l,,ɔ,,6
l,,o,,5
l,,o,,2
l,,o,,3
l,,o,,4
l,,o,,6
l,,əː,,5
l,,əː,,2
l,,əː,,3
l,,əː,,4
l,,əː,,6
l,,u,,6
l,,u,,3
l,,ɨ,,2
l,,ɨ,,3
l,,ɨ,,4
l,,ɨ,,6
l,,uə,,4
l,,ɨə,,1
l,,iə,,6
l,,uə,,6
l,,uə,,3
l,,ɨə,,5
l,,ɨə,,2
l,,ɨə,,3
l,,ɨə,,4
l,,ɨə,,6
l,,aː,k,6
l,,ə,k,5
l,,a,k,5
l,,a,k,6
l,,ɔ,k,6
l,,o,k,5
l,,o,k,6
l,,u,k,6
l,,ɨ,k,5
l,,ɨ,k,6
l,,ɛ,k,6
l,,e,k,5
l,,e,k,6
l,,i,k,6
l,,u,j,4
l,,əː,j,1
l,,aː,j,6
l,,aː,j,3
l,,ɔ,j,6
l,,ɔ,j,3
l,,o,j,5
l,,o,j,2
l,,o,j,4
l,,o,j,6
l,,əː,j,5
l,,əː,j,2
l,,əː,j,3
l,,əː,j,4
l,,əː,j,6
l,,u,j,6
l,,u,j,3
l,,a,m,1
l,,u,m,4
l,,aː,m,6
l,,aː,m,3
l,,ə,m,5
l,,ə,m,2
l,,ə,m,3
l,,ə,m,4
l,,ə,m,6
l,,a,m,5
l,,a,m,2
l,,a,m,3
l,,a,m,6
l,,ɛ,m,6
l,,ɛ,m,3
l,,i,m,3
l,,i,m,6
l,,ɔ,m,6
l,,ɔ,m,3
l,,o,m,5
l,,o,m,2
l,,o,m,3
l,,o,m,4
l,,o,m,6
l,,əː,m,5
l,,əː,m,2
l,,əː,m,3
l,,əː,m,4
l,,əː,m,6
l,,u,m,6
l,,u,m,3
l,,a,n,1
l,,u,n,4
l,,əː,n,1
l,,ɨ,n,1
l,,aː,n,6
l,,aː,n,3
l,,ə,n,5
l,,ə,n,2
l,,ə,n,3
l,,ə,n,4
l,,ə,n,6
l,,a,n,2
l,,a,n,3
l,,a,n,6
l,,ɛ,n,6
l,,ɛ,n,3
l,,ɛ,n,4
l,,e,n,5
l,,e,n,2
l,,ɔ,n,6
l,,ɔ,n,3
l,,o,n,5
l,,o,n,2
l,,o,n,3
l,,o,n,6
l,,əː,n,5
l,,əː,n,2
l,,əː,n,3
l,,əː,n,6
l,,u,n,6
l,,u,n,3
l,,a,ŋ,1
l,,u,ŋ,4
l,,ɨ,ŋ,1
l,,aː,ŋ,6
l,,aː,ŋ,3
l,,a,ŋ,5
l,,a,ŋ,2
l,,a,ŋ,3
l,,a,ŋ,4
l,,a,ŋ,6
l,,ɛ,ŋ,3
l,,ɔ,ŋ,6
l,,ɔ,ŋ,3
l,,o,ŋ,5
l,,o,ŋ,2
l,,o,ŋ,3
l,,o,ŋ,4
l,,o,ŋ,6
l,,u,ŋ,6
l,,u,ŋ,3
l,,ɨ,ŋ,2
l,,ɨ,ŋ,3
l,,ɨ,ŋ,4
l,,ɨ,ŋ,6
l,,i,ŋ,4
l,,ɛ,ŋ,6
l,,e,ŋ,2
l,,e,ŋ,6
l,,i,ŋ,3
l,,i,ŋ,6
l,,aː,w,6
l,,aː,w,3
l,,ɛ,w,6
l,,ɛ,w,3
l,,ɛ,w,4
l,,aː,p,6
l,,ə,p,5
l,,ə,p,6
l,,a,p,5
l,,a,p,6
l,,ɛ,p,6
l,,e,p,5
l,,ɔ,p,6
l,,o,p,5
l,,o,p,6
l,,əː,p,5
l,,əː,p,6
l,,u,p,6
l,,aː,t,6
l,,ə,t,5
l,,ə,t,6
l,,a,t,5
l,,a,t,6
l,,ɛ,t,6
l,,e,t,5
l,,e,t,6
l,,ɔ,t,6
l,,o,t,5
l,,o,t,6
l,,əː,t,5
l,,əː,t,6
l,,u,t,6
l,,ɨ,t,5
l,,ɨ,w,1
l,,a,w,6
l,,a,w,3
l,,ə,w,5
l,,ə,w,2
l,,ə,w,3
l,,ə,w,6
l,,e,w,5
l,,e,w,2
l,,e,w,3
l,,e,w,4
l,,i,w,3
l,,i,w,6
l,,ɨ,w,2
l,,ɨ,w,6
l,,a,j,6
l,,a,j,3
l,,ə,j,5
l,,ə,j,2
l,,ə,j,3
l,,ə,j,4
l,,ə,j,6
l,,ɨə,k,6
l,,ɨə,j,5
l,,ɨə,j,2
l,,ɨə,j,3
l,,ɨə,j,4
l,,ɨə,m,1
l,,ɨə,m,2
l,,ɨə,m,6
l,,ɨə,n,1
l,,ɨə,n,2
l,,ɨə,n,6
l,,ɨə,ŋ,1
l,,ɨə,ŋ,5
l,,ɨə,ŋ,2
l,,ɨə,ŋ,3
l,,ɨə,ŋ,4
l,,ɨə,ŋ,6
l,,ɨə,p,5
l,,ɨə,t,5
l,,ɨə,t,6
l,,ɨə,w,5
m,,aː,,1
m,,aː,j,1
m,,aː,m,1
m,,aː,n,1
m,,aː,ŋ,1
m,,ɛ,ŋ,1
m,,aː,w,1
m,,a,w,1
m,,a,j,1
m,,ɛ,,1
m,,ɛ,m,1
m,,ɛ,n,1
m,,ɛ,w,1
m,,i,,1
m,,iə,,1
m,,i,m,1
m,,i,n,1
m,,i,ŋ,1
m,,i,w,1
m,,iə,n,1
m,,iə,ŋ,1
m,,iə,w,1
m,,iə,n,5
m,,iə,n,2
m,,iə,n,4
m,,iə,n,6
m,,iə,ŋ,5
m,,iə,ŋ,2
m,,iə,ŋ,3
m,,iə,ŋ,6
m,,iə,t,5
m,,iə,t,6
m,,iə,w,5
m,,iə,w,2
m,,iə,w,3
m,,iə,w,4
m,,ɔ,,1
m,w,aː,,1
m,w,aː,n,1
m,w,a,j,1
m,,ɔ,j,1
m,,ɔ,m,1
m,,ɔ,n,1
m,,ɔ,ŋ,1
m,,u,,1
m,,uə,,1
m,,u,j,1
m,,u,m,1
m,,u,n,1
m,,u,ŋ,1
m,w,i,,1
m,w,iə,,1
m,,uə,j,1
m,,uə,n,1
m,,uə,ŋ,1
m,w,i,k,5
m,,uə,j,5
m,,uə,j,2
m,,uə,j,3
m,,uə,j,4
m,,uə,j,6
m,,uə,m,2
m,,uə,m,4
m,,uə,n,5
m,,uə,n,6
m,,uə,ŋ,5
m,,uə,ŋ,2
m,,uə,ŋ,4
m,,uə,t,5
m,,aː,,2
m,,aː,j,2
m,,aː,n,2
m,,aː,ŋ,2
m,,ɛ,ŋ,2
m,,aː,w,2
m,,a,w,2
m,,a,j,2
m,,aː,,5
m,,aː,k,5
m,,ɛ,k,5
m,,aː,j,5
m,,aː,m,5
m,,aː,n,5
m,,aː,ŋ,5
m,,ɛ,ŋ,5
m,,aː,w,5
m,,aː,t,5
m,,a,w,5
m,,a,j,5
m,,ə,m,1
m,,ə,n,1
m,,ə,ŋ,1
m,,ə,w,1
m,,ə,j,1
m,,aː,,4
m,,aː,j,4
m,,aː,n,4
m,,aː,ŋ,4
m,,ɛ,ŋ,4
m,,aː,w,4
m,,ɛ,,2
m,,ɛ,m,2
m,,ɛ,n,2
m,,ɛ,w,2
m,,ɛ,,5
m,,ɛ,m,5
m,,ɛ,n,5
m,,ɛ,w,5
m,,ɛ,p,5
m,,ɛ,t,5
m,,e,,1
m,,e,n,1
m,,e,ŋ,1
m,,i,,2
m,,i,n,2
m,,i,ŋ,2
m,,i,w,2
m,,i,,5
m,,iə,,5
m,,i,k,5
m,,i,m,5
m,,i,n,5
m,,i,ŋ,5
m,,i,p,5
m,,i,t,5
m,,i,w,5
m,,ɔ,,2
m,,ɔ,j,2
m,,ɔ,m,2
m,,ɔ,n,2
m,,ɔ,ŋ,2
m,,ɔ,,5
m,,ɔ,k,5
m,,ɔ,j,5
m,,ɔ,m,5
m,,ɔ,n,5
m,,ɔ,ŋ,5
m,,ɔ,p,5
m,,ɔ,t,5
m,,o,,1
m,,o,j,1
m,,o,m,1
m,,o,n,1
m,,o,ŋ,1
m,,ɔ,,4
m,,ɔ,j,4
m,,ɔ,m,4
m,,u,,2
m,,uə,,2
m,,u,j,2
m,,u,n,2
m,,u,ŋ,2
m,,u,,5
m,,uə,,5
m,,u,k,5
m,,u,j,5
m,,u,m,5
m,,u,n,5
m,,u,p,5
m,,u,t,5
m,,i,,4
m,,u,,4
m,,əː,,1
m,,aː,,6
m,,aː,,3
m,,ɛ,,6
m,,ɛ,,3
m,,ɛ,,4
m,,e,,5
m,,e,,2
m,,e,,3
m,,e,,4
m,,e,,6
m,,i,,3
m,,i,,6
m,,ɔ,,6
m,,ɔ,,3
m,,o,,5
m,,o,,2
m,,o,,3
m,,o,,4
m,,o,,6
m,,əː,,5
m,,əː,,2
m,,əː,,3
m,,əː,,4
m,,əː,,6
m,,u,,6
m,,u,,3
m,,ɨ,,5
m,,ɨ,,2
m,,ɨ,,6
m,,ɨə,,1
m,,iə,,3
m,,ɨə,,5
m,,ɨə,,3
m,,ɨə,,6
m,,aː,k,6
m,,a,k,5
m,,a,k,6
m,,ɛ,k,6
m,,ɔ,k,6
m,,o,k,5
m,,o,k,6
m,,u,k,6
m,,ɨ,k,5
m,,ɨ,k,6
m,,e,k,5
m,,i,k,6
m,,u,j,4
m,,əː,j,1
m,,aː,j,6
m,,aː,j,3
m,,ɔ,j,6
m,,ɔ,j,3
m,,o,j,5
m,,o,j,2
m,,o,j,4
m,,o,j,6
m,,əː,j,5
m,,əː,j,2
m,,əː,j,3
m,,əː,j,6
m,,u,j,6
m,,u,j,3
m,,a,m,1
m,,i,m,4
m,,u,m,4
m,,ə,m,2
m,,ə,m,3
m,,ə,m,4
m,,ə,m,6
m,,a,m,5
m,,a,m,4
m,,e,m,2
m,,i,m,3
m,,ɔ,m,3
m,,o,m,2
m,,əː,m,5
m,,əː,m,2
m,,u,m,3
m,,a,n,1
m,,əː,n,1
m,,aː,n,6
m,,aː,n,3
m,,ə,n,5
m,,ə,n,2
m,,ə,n,3
m,,ə,n,4
m,,ə,n,6
m,,a,n,5
m,,a,n,2
m,,a,n,3
m,,a,n,6
m,,e,n,5
m,,e,n,2
m,,i,n,6
m,,ɔ,n,6
m,,o,n,5
m,,o,n,2
m,,əː,n,5
m,,əː,n,3
m,,u,n,6
m,,u,n,3
m,,ɨ,n,5
m,,a,ŋ,1
m,,ɨ,ŋ,1
m,,aː,ŋ,6
m,,aː,ŋ,3
m,,ə,ŋ,2
m,,a,ŋ,5
m,,a,ŋ,2
m,,ɔ,ŋ,6
m,,ɔ,ŋ,3
m,,o,ŋ,5
m,,o,ŋ,2
m,,o,ŋ,3
m,,o,ŋ,6
m,,u,ŋ,3
m,,ɨ,ŋ,2
m,,ɨ,ŋ,3
m,,ɨ,ŋ,6
m,,ɛ,ŋ,6
m,,ɛ,ŋ,3
m,,e,ŋ,2
m,,e,ŋ,6
m,,i,ŋ,6
m,,aː,w,6
m,,aː,w,3
m,,ɛ,w,6
m,,ɛ,w,3
m,,aː,p,6
m,,ə,p,5
m,,ə,p,6
m,,ɛ,p,6
m,,ɔ,p,6
m,,əː,p,5
m,,u,p,6
m,,aː,t,6
m,,ə,t,5
m,,ə,t,6
m,,a,t,5
m,,a,t,6
m,,ɛ,t,6
m,,e,t,5
m,,e,t,6
m,,i,t,6
m,,ɔ,t,6
m,,o,t,5
m,,o,t,6
m,,u,t,6
m,,ɨ,t,5
m,,ɨ,w,1
m,,ə,w,5
m,,ə,w,2
m,,ə,w,3
m,,ə,w,4
m,,ə,w,6
m,,e,w,5
m,,i,w,3
m,,ɨ,w,5
m,,ɨ,w,2
m,,a,j,6
m,,a,j,3
m,,ə,j,5
m,,ə,j,2
m,,ə,j,3
m,,ə,j,6
m,,ɨə,k,6
m,,ɨə,j,1
m,,ɨə,j,2
m,,ɨə,j,3
m,,ɨə,n,1
m,,ɨə,n,5
m,,ɨə,n,2
m,,ɨə,n,6
m,,ɨə,ŋ,1
m,,ɨə,ŋ,2
m,,ɨə,p,5
m,,ɨə,t,5
m,,ɨə,t,6
m,,ɨə,w,4
n,,aː,,1
n,,aː,j,1
n,,aː,m,1
n,,aː,n,1
n,,aː,ŋ,1
n,,ɛ,ŋ,1
n,,aː,w,1
n,,a,w,1
n,,a,j,1
n,,ɛ,,1
n,,ɛ,m,1
n,,ɛ,n,1
n,,ɛ,w,1
ŋ,,aː,,1
ŋ,,aː,j,1
ŋ,,aː,m,1
ŋ,,aː,n,1
ŋ,,aː,ŋ,1
ŋ,,ɛ,ŋ,1
ŋ,,aː,w,1
ŋ,,a,w,1
ŋ,,a,j,1
ŋ,,ɛ,,1
ŋ,,ɛ,n,1
ŋ,,ɛ,w,1
ŋ,,i,,1
ŋ,,iə,,1
ŋ,,i,m,1
ŋ,,i,n,1
ŋ,,i,ŋ,1
ŋ,,i,w,1
ŋ,,iə,m,1
ŋ,,iə,n,1
ŋ,,iə,ŋ,1
ŋ,,iə,w,1
ŋ,,iə,m,4
ŋ,,iə,m,6
ŋ,,iə,n,5
ŋ,,iə,n,2
ŋ,,iə,n,4
ŋ,,iə,n,6
ŋ,,iə,p,6
ŋ,,iə,t,6
ŋ,,ɛ,,2
ŋ,,ɛ,n,2
ŋ,,ɛ,w,2
ŋ,,ɛ,,5
ŋ,,ɛ,n,5
ŋ,,ɛ,w,5
ŋ,,ɛ,p,5
ŋ,,ɛ,t,5
ŋ,,e,,1
ŋ,,e,ŋ,1
ŋ,,e,w,1
ŋ,,i,,2
ŋ,,i,n,2
ŋ,,i,,5
ŋ,,iə,,5
ŋ,,i,n,5
ŋ,,i,t,5
ŋ,,i,,4
ŋ,,ɛ,,6
ŋ,,ɛ,,3
ŋ,,e,,5
ŋ,,e,,2
ŋ,,e,,3
ŋ,,e,,4
ŋ,,e,,6
ŋ,,i,,3
ŋ,,i,,6
ŋ,,iə,,4
ŋ,,e,k,5
ŋ,,e,k,6
ŋ,,i,k,6
ŋ,,e,m,6
ŋ,,i,m,3
ŋ,,ɛ,n,6
ŋ,,ɛ,n,3
ŋ,,ɛ,n,4
ŋ,,e,n,5
ŋ,,e,n,2
ŋ,,e,n,3
ŋ,,e,n,6
ŋ,,i,n,3
ŋ,,i,ŋ,4
ŋ,,e,ŋ,2
ŋ,,e,ŋ,3
ŋ,,e,ŋ,4
ŋ,,i,ŋ,3
ŋ,,ɛ,w,6
ŋ,,ɛ,w,3
ŋ,,ɛ,w,4
ŋ,,e,p,6
ŋ,,ɛ,t,6
ŋ,,e,t,6
ŋ,,i,t,6
ŋ,,e,w,2
ŋ,,e,w,3
ŋ,,e,w,4
ŋ,,e,w,6
ŋ,,i,w,3
ŋ,,i,w,6
ŋ,,ɔ,,1
ŋ,w,aː,,1
ŋ,w,aː,j,1
ŋ,w,aː,m,1
ŋ,w,aː,n,1
ŋ,w,aː,ŋ,1
ŋ,w,a,w,1
ŋ,w,a,j,1
ŋ,w,ɛ,,1
ŋ,w,ɛ,m,1
ŋ,w,ɛ,n,1
ŋ,w,ɛ,w,1
ŋ,,ɔ,j,1
ŋ,,ɔ,n,1
ŋ,,ɔ,ŋ,1
ŋ,w,aː,j,2
ŋ,w,aː,m,2
ŋ,w,aː,k,5
ŋ,w,ɛ,k,5
ŋ,w,aː,j,5
ŋ,w,a,w,5
ŋ,w,aː,p,5
ŋ,w,a,j,5
ŋ,w,aː,,4
ŋ,w,aː,n,4
ŋ,w,ɛ,w,2
ŋ,w,ɛ,,5
ŋ,w,ɛ,m,5
ŋ,w,ɛ,n,5
ŋ,w,ɛ,w,5
ŋ,w,ɛ,t,5
ŋ,w,aː,,6
ŋ,w,aː,k,6
ŋ,w,a,k,5
ŋ,w,a,k,6
ŋ,w,ɛ,k,6
ŋ,w,aː,j,6
ŋ,w,aː,j,3
ŋ,w,aː,m,6
ŋ,w,aː,m,3
ŋ,w,ɛ,m,3
ŋ,w,a,n,1
ŋ,w,aː,n,6
ŋ,w,a,n,2
ŋ,w,a,n,3
ŋ,w,ɛ,n,3
ŋ,w,a,ŋ,1
ŋ,w,aː,ŋ,3
ŋ,w,a,ŋ,2
ŋ,w,a,ŋ,3
ŋ,w,a,ŋ,4
ŋ,w,ɛ,ŋ,3
ŋ,w,ɛ,w,6
ŋ,w,ɛ,w,3
ŋ,w,aː,p,6
ŋ,w,aː,t,6
ŋ,w,a,t,5
ŋ,w,a,t,6
ŋ,w,a,j,6
ŋ,w,a,j,3
ŋ,,u,,1
ŋ,,u,m,1
ŋ,,u,n,1
ŋ,w,i,,1
ŋ,w,iə,n,1
ŋ,w,iə,n,5
ŋ,w,iə,n,2
ŋ,w,iə,n,3
ŋ,w,iə,n,4
ŋ,w,iə,n,6
ŋ,w,iə,t,6
ŋ,w,ə,j,1
ŋ,,uə,j,1
ŋ,w,i,k,5
ŋ,w,i,t,5
ŋ,w,i,,2
ŋ,w,i,,6
ŋ,w,e,k,5
ŋ,w,e,k,6
ŋ,,uə,j,2
ŋ,,uə,j,6
ŋ,,uə,n,5
ŋ,,uə,n,2
ŋ,w,i,w,3
ŋ,w,ə,j,2
ŋ,w,ə,j,3
ŋ,w,ə,j,6
ŋ,,aː,,2
ŋ,,aː,j,2
ŋ,,aː,m,2
ŋ,,aː,n,2
ŋ,,aː,ŋ,2
ŋ,,ɛ,ŋ,2
ŋ,,aː,w,2
ŋ,,a,w,2
ŋ,,a,j,2
ŋ,,aː,k,5
ŋ,,ɛ,k,5
ŋ,,aː,j,5
ŋ,,aː,m,5
ŋ,,aː,n,5
ŋ,,aː,ŋ,5
ŋ,,ɛ,ŋ,5
ŋ,,aː,w,5
ŋ,,aː,p,5
ŋ,,aː,t,5
ŋ,,a,w,5
ŋ,,a,j,5
ŋ,,ə,m,1
ŋ,,ə,n,1
ŋ,,ə,w,1
ŋ,,ə,j,1
ŋ,,aː,,4
ŋ,,aː,j,4
ŋ,,aː,ŋ,4
ŋ,,aː,w,4
ŋ,,ɔ,,2
ŋ,,ɔ,j,2
ŋ,,ɔ,m,2
ŋ,,ɔ,n,2
ŋ,,ɔ,ŋ,2
ŋ,,ɔ,,5
ŋ,,ɔ,k,5
ŋ,,ɔ,j,5
ŋ,,ɔ,m,5
ŋ,,ɔ,n,5
ŋ,,ɔ,ŋ,5
ŋ,,ɔ,p,5
ŋ,,ɔ,t,5
ŋ,,o,,1
ŋ,,o,j,1
ŋ,,o,n,1
ŋ,,o,ŋ,1
ŋ,,ɔ,,4
ŋ,,ɔ,j,4
ŋ,,ɔ,ŋ,4
ŋ,,u,,2
ŋ,,u,j,2
ŋ,,u,n,2
ŋ,,u,ŋ,2
ŋ,,u,,5
ŋ,,u,k,5
ŋ,,u,m,5
ŋ,,u,n,5
ŋ,,u,ŋ,5
ŋ,,u,t,5
ŋ,,u,,4
ŋ,,əː,,1
ŋ,,ɨ,,1
ŋ,,aː,,6
ŋ,,aː,,3
ŋ,,ɔ,,6
ŋ,,ɔ,,3
ŋ,,o,,5
ŋ,,o,,2
ŋ,,o,,3
ŋ,,o,,4
ŋ,,o,,6
ŋ,,əː,,5
ŋ,,əː,,2
ŋ,,əː,,4
ŋ,,əː,,6
ŋ,,u,,6
ŋ,,u,,3
ŋ,,ɨ,,5
ŋ,,ɨ,,2
ŋ,,ɨ,,4
ŋ,,ɨ,,6
ŋ,,ɨə,,1
ŋ,,uə,,6
ŋ,,ɨə,,5
ŋ,,ɨə,,2
ŋ,,ɨə,,3
ŋ,,ɨə,,4
ŋ,,ɨə,,6
ŋ,,aː,k,6
ŋ,,ə,k,5
ŋ,,a,k,5
ŋ,,ɔ,k,6
ŋ,,o,k,5
ŋ,,o,k,6
ŋ,,u,k,6
ŋ,,ɨ,k,6
ŋ,,ɛ,k,6
ŋ,,əː,j,1
ŋ,,aː,j,6
ŋ,,aː,j,3
ŋ,,o,j,2
ŋ,,o,j,4
ŋ,,əː,j,2
ŋ,,əː,j,3
ŋ,,əː,j,4
ŋ,,əː,j,6
ŋ,,u,j,3
ŋ,,ɨ,j,3
ŋ,,a,m,1
ŋ,,əː,m,1
ŋ,,ə,m,5
ŋ,,ə,m,2
ŋ,,ə,m,3
ŋ,,ə,m,4
ŋ,,ə,m,6
ŋ,,a,m,5
ŋ,,ɔ,m,3
ŋ,,o,m,2
ŋ,,o,m,3
ŋ,,əː,m,2
ŋ,,əː,m,6
ŋ,,u,m,6
ŋ,,u,m,3
ŋ,,ɨ,m,2
ŋ,,a,n,1
ŋ,,u,n,4
ŋ,,əː,n,1
ŋ,,aː,n,6
ŋ,,ə,n,5
ŋ,,ə,n,2
ŋ,,ə,n,3
ŋ,,ə,n,4
ŋ,,ə,n,6
ŋ,,a,n,5
ŋ,,a,n,2
ŋ,,a,n,3
ŋ,,ɔ,n,6
ŋ,,ɔ,n,3
ŋ,,o,n,5
ŋ,,o,n,2
ŋ,,o,n,3
ŋ,,o,n,4
ŋ,,o,n,6
ŋ,,əː,n,5
ŋ,,əː,n,3
ŋ,,əː,n,4
ŋ,,u,n,3
ŋ,,u,ŋ,4
ŋ,,ɨ,ŋ,1
ŋ,,aː,ŋ,3
ŋ,,ə,ŋ,3
ŋ,,a,ŋ,3
ŋ,,a,ŋ,4
ŋ,,ɔ,ŋ,6
ŋ,,ɔ,ŋ,3
ŋ,,o,ŋ,2
ŋ,,o,ŋ,3
ŋ,,o,ŋ,4
ŋ,,u,ŋ,3
ŋ,,ɨ,ŋ,5
ŋ,,ɨ,ŋ,2
ŋ,,ɨ,ŋ,3
ŋ,,ɛ,ŋ,6
ŋ,,ɛ,ŋ,3
ŋ,,aː,w,6
ŋ,,aː,w,3
ŋ,,ə,p,5
ŋ,,ə,p,6
ŋ,,o,p,6
ŋ,,əː,p,5
ŋ,,əː,p,6
ŋ,,u,p,6
ŋ,,aː,t,6
ŋ,,ə,t,5
ŋ,,ə,t,6
ŋ,,a,t,5
ŋ,,a,t,6
ŋ,,ɔ,t,6
ŋ,,o,t,5
ŋ,,o,t,6
ŋ,,əː,t,5
ŋ,,u,t,6
ŋ,,ɨ,t,5
ŋ,,ɨ,w,1
ŋ,,ə,w,5
ŋ,,ə,w,2
ŋ,,ə,w,4
ŋ,,ə,w,6
ŋ,,ɨ,w,6
ŋ,,ə,j,5
ŋ,,ə,j,2
ŋ,,ə,j,3
ŋ,,ə,j,6
ŋ,,u,j,6
ŋ,,ɨə,k,5
ŋ,,ɨə,k,6
ŋ,,ɨə,j,1
ŋ,,ɨə,j,5
ŋ,,ɨə,j,2
ŋ,,ɨə,j,3
ŋ,,ɨə,j,6
ŋ,,ɨə,m,2
ŋ,,ɨə,n,1
ŋ,,ɨə,ŋ,2
ŋ,,ɨə,ŋ,3
ŋ,,ɨə,ŋ,4
ŋ,,ɨə,ŋ,6
ɲ,,aː,,1
ɲ,,aː,j,1
ɲ,,aː,m,1
ɲ,,aː,n,1
ɲ,,aː,ŋ,1
ɲ,,ɛ,ŋ,1
ɲ,,aː,w,1
ɲ,,a,w,1
ɲ,,a,j,1
ɲ,,ɛ,,1
ɲ,,ɛ,m,1
ɲ,,ɛ,n,1
ɲ,,ɛ,w,1
ɲ,,i,,1
ɲ,,iə,,1
ɲ,,i,m,1
ɲ,,i,n,1
ɲ,,i,ŋ,1
ɲ,,i,w,1
ɲ,,iə,m,1
ɲ,,iə,n,1
ɲ,,iə,w,1
ɲ,,iə,k,5
ɲ,,iə,m,2
ɲ,,iə,m,3
ɲ,,iə,m,4
ɲ,,iə,m,6
ɲ,,iə,n,2
ɲ,,iə,n,3
ɲ,,iə,n,4
ɲ,,iə,n,6
ɲ,,iə,p,5
ɲ,,iə,p,6
ɲ,,iə,t,6
ɲ,,iə,w,5
ɲ,,iə,w,2
ɲ,,iə,w,3
ɲ,,iə,w,4
ɲ,,iə,w,6
ɲ,,ɔ,,1
ɲ,w,aː,j,1
ɲ,w,aː,ŋ,1
ɲ,w,a,j,1
ɲ,w,ɛ,,1
ɲ,w,ɛ,n,1
ɲ,,ɔ,j,1
ɲ,,ɔ,m,1
ɲ,,ɔ,n,1
ɲ,,ɔ,ŋ,1
ɲ,w,aː,,2
ɲ,w,aː,j,2
ɲ,w,aː,m,2
ɲ,w,aː,ŋ,2
ɲ,w,aː,,5
ɲ,w,aː,ŋ,5
ɲ,w,a,j,5
ɲ,w,ɛ,,2
ɲ,w,ɛ,n,2
ɲ,w,ɛ,,5
ɲ,w,ɛ,t,5
ɲ,w,aː,m,6
ɲ,w,ɛ,n,3
ɲ,w,aː,ŋ,6
ɲ,w,a,ŋ,2
ɲ,w,ɛ,t,6
ɲ,,u,,1
ɲ,,u,j,1
ɲ,,u,m,1
ɲ,,u,n,1
ɲ,,u,ŋ,1
ɲ,w,i,,1
ɲ,w,iə,n,4
ɲ,w,ə,n,1
ɲ,,uə,m,1
ɲ,w,e,,5
ɲ,w,e,,6
ɲ,w,i,,6
ɲ,,uə,k,5
ɲ,,uə,m,5
ɲ,,uə,m,6
ɲ,w,ə,n,2
ɲ,w,ə,n,6
ɲ,,uə,n,2
ɲ,w,ə,t,6
ɲ,,aː,,2
ɲ,,aː,j,2
ɲ,,aː,m,2
ɲ,,aː,n,2
ɲ,,aː,ŋ,2
ɲ,,ɛ,ŋ,2
ɲ,,aː,w,2
ɲ,,a,w,2
ɲ,,a,j,2
ɲ,,aː,,5
ɲ,,aː,k,5
ɲ,,ɛ,k,5
ɲ,,aː,j,5
ɲ,,aː,m,5
ɲ,,aː,ŋ,5
ɲ,,ɛ,ŋ,5
ɲ,,aː,w,5
ɲ,,aː,p,5
ɲ,,aː,t,5
ɲ,,a,w,5
ɲ,,a,j,5
ɲ,,ə,m,1
ɲ,,ə,n,1
ɲ,,ə,ŋ,1
ɲ,,ə,w,1
ɲ,,ə,j,1
ɲ,,aː,,4
ɲ,,aː,j,4
ɲ,,aː,n,4
ɲ,,aː,ŋ,4
ɲ,,aː,w,4
ɲ,,ɛ,,2
ɲ,,ɛ,m,2
ɲ,,ɛ,n,2
ɲ,,ɛ,w,2
ɲ,,ɛ,,5
ɲ,,ɛ,m,5
ɲ,,ɛ,n,5
ɲ,,ɛ,w,5
ɲ,,ɛ,p,5
ɲ,,ɛ,t,5
ɲ,,e,,1
ɲ,,e,ŋ,1
ɲ,,i,,2
ɲ,,iə,,2
ɲ,,i,n,2
ɲ,,i,w,2
ɲ,,i,,5
ɲ,,iə,,5
ɲ,,i,k,5
ɲ,,i,m,5
ɲ,,i,n,5
ɲ,,i,ŋ,5
ɲ,,i,p,5
ɲ,,i,t,5
ɲ,,i,w,5
ɲ,,ɔ,,2
ɲ,,ɔ,m,2
ɲ,,ɔ,ŋ,2
ɲ,,ɔ,,5
ɲ,,ɔ,k,5
ɲ,,ɔ,j,5
ɲ,,ɔ,m,5
ɲ,,ɔ,n,5
ɲ,,ɔ,ŋ,5
ɲ,,ɔ,p,5
ɲ,,ɔ,t,5
ɲ,,o,,1
ɲ,,o,j,1
ɲ,,o,m,1
ɲ,,o,n,1
ɲ,,o,ŋ,1
ɲ,,ɔ,,4
ɲ,,ɔ,j,4
ɲ,,ɔ,m,4
ɲ,,ɔ,n,4
ɲ,,ɔ,ŋ,4
ɲ,,u,,2
ɲ,,u,j,2
ɲ,,u,n,2
ɲ,,u,ŋ,2
ɲ,,u,,5
ɲ,,uə,,5
ɲ,,u,k,5
ɲ,,u,j,5
ɲ,,u,m,5
ɲ,,u,n,5
ɲ,,u,ŋ,5
ɲ,,u,p,5
ɲ,,u,t,5
ɲ,,i,,4
ɲ,,u,,4
ɲ,,əː,,1
ɲ,,ɨ,,1
ɲ,,aː,,6
ɲ,,aː,,3
ɲ,,ɛ,,6
ɲ,,ɛ,,3
ɲ,,ɛ,,4
ɲ,,e,,3
ɲ,,e,,4
ɲ,,i,,3
ɲ,,i,,6
ɲ,,ɔ,,6
ɲ,,ɔ,,3
ɲ,,o,,5
ɲ,,o,,3
ɲ,,əː,,5
ɲ,,əː,,2
ɲ,,əː,,3
ɲ,,əː,,4
ɲ,,əː,,6
ɲ,,u,,6
ɲ,,u,,3
ɲ,,ɨ,,5
ɲ,,ɨ,,2
ɲ,,ɨ,,3
ɲ,,ɨ,,4
ɲ,,ɨ,,6
ɲ,,iə,,6
ɲ,,uə,,6
ɲ,,ɨə,,6
ɲ,,aː,k,6
ɲ,,ə,k,5
ɲ,,a,k,5
ɲ,,ɔ,k,6
ɲ,,o,k,5
ɲ,,u,k,6
ɲ,,ɨ,k,5
ɲ,,e,k,5
ɲ,,e,k,6
ɲ,,əː,j,1
ɲ,,aː,j,6
ɲ,,aː,j,3
ɲ,,o,j,5
ɲ,,o,j,2
ɲ,,o,j,6
ɲ,,əː,j,2
ɲ,,əː,j,3
ɲ,,əː,j,6
ɲ,,u,j,6
ɲ,,u,j,3
ɲ,,a,m,1
ɲ,,əː,m,1
ɲ,,aː,m,3
ɲ,,ə,m,5
ɲ,,ə,m,2
ɲ,,ə,m,3
ɲ,,ə,m,4
ɲ,,ə,m,6
ɲ,,a,m,5
ɲ,,a,m,2
ɲ,,a,m,6
ɲ,,ɛ,m,6
ɲ,,ɛ,m,3
ɲ,,ɔ,m,3
ɲ,,o,m,5
ɲ,,o,m,2
ɲ,,o,m,3
ɲ,,əː,m,5
ɲ,,əː,m,2
ɲ,,a,n,1
ɲ,,u,n,4
ɲ,,əː,n,1
ɲ,,ɨ,n,1
ɲ,,aː,n,6
ɲ,,aː,n,3
ɲ,,ə,n,5
ɲ,,ə,n,2
ɲ,,ə,n,3
ɲ,,ə,n,4
ɲ,,ə,n,6
ɲ,,a,n,5
ɲ,,a,n,2
ɲ,,a,n,3
ɲ,,a,n,4
ɲ,,a,n,6
ɲ,,ɛ,n,6
ɲ,,e,n,2
ɲ,,e,n,6
ɲ,,i,n,6
ɲ,,ɔ,n,6
ɲ,,ɔ,n,3
ɲ,,o,n,5
ɲ,,o,n,2
ɲ,,o,n,3
ɲ,,o,n,6
ɲ,,əː,n,5
ɲ,,əː,n,2
ɲ,,əː,n,3
ɲ,,əː,n,4
ɲ,,əː,n,6
ɲ,,u,n,3
ɲ,,a,ŋ,1
ɲ,,u,ŋ,4
ɲ,,ɨ,ŋ,1
ɲ,,aː,ŋ,6
ɲ,,a,ŋ,5
ɲ,,a,ŋ,2
ɲ,,a,ŋ,3
ɲ,,a,ŋ,4
ɲ,,a,ŋ,6
ɲ,,ɔ,ŋ,3
ɲ,,o,ŋ,2
ɲ,,o,ŋ,3
ɲ,,o,ŋ,6
ɲ,,u,ŋ,6
ɲ,,u,ŋ,3
ɲ,,ɨ,ŋ,5
ɲ,,ɨ,ŋ,2
ɲ,,ɨ,ŋ,3
ɲ,,ɨ,ŋ,4
ɲ,,ɛ,ŋ,6
ɲ,,ɛ,ŋ,3
ɲ,,i,ŋ,3
ɲ,,aː,w,6
ɲ,,aː,w,3
ɲ,,ɛ,w,6
ɲ,,ɛ,w,3
ɲ,,ɛ,w,4
ɲ,,aː,p,6
ɲ,,ə,p,5
ɲ,,ə,p,6
ɲ,,a,p,5
ɲ,,ɛ,p,6
ɲ,,i,p,6
ɲ,,o,p,5
ɲ,,o,p,6
ɲ,,əː,p,5
ɲ,,əː,p,6
ɲ,,aː,t,6
ɲ,,ə,t,5
ɲ,,ə,t,6
ɲ,,a,t,5
ɲ,,a,t,6
ɲ,,ɛ,t,6
ɲ,,i,t,6
ɲ,,ɔ,t,6
ɲ,,o,t,5
ɲ,,o,t,6
ɲ,,əː,t,5
ɲ,,əː,t,6
ɲ,,u,t,6
ɲ,,ɨ,t,5
ɲ,,ɨ,t,6
ɲ,,a,w,3
ɲ,,ə,w,2
ɲ,,ə,w,3
ɲ,,ə,w,6
ɲ,,e,w,5
ɲ,,e,w,2
ɲ,,e,w,3
ɲ,,e,w,6
ɲ,,i,w,3
ɲ,,i,w,6
ɲ,,a,j,6
ɲ,,a,j,3
ɲ,,ə,j,5
ɲ,,ə,j,2
ɲ,,ə,j,3
ɲ,,ə,j,4
ɲ,,ə,j,6
ɲ,,ɨə,k,6
ɲ,,ɨə,n,5
ɲ,,ɨə,ŋ,1
ɲ,,ɨə,ŋ,5
ɲ,,ɨə,ŋ,2
ɲ,,ɨə,ŋ,4
ɲ,,ɨə,ŋ,6
n,,i,,1
n,,iə,,1
n,,i,m,1
n,,i,n,1
n,,i,ŋ,1
n,,i,w,1
n,,iə,m,1
n,,iə,n,1
n,,iə,ŋ,1
n,,iə,w,1
n,,iə,m,2
n,,iə,m,6
n,,iə,n,2
n,,iə,n,4
n,,iə,n,6
n,,iə,ŋ,2
n,,iə,ŋ,4
n,,iə,p,6
n,,iə,t,5
n,,iə,t,6
n,,iə,w,6
n,,ɔ,,1
n,w,aː,,1
n,w,aː,n,1
n,w,ɛ,,1
n,,ɔ,j,1
n,,ɔ,m,1
n,,ɔ,n,1
n,,ɔ,ŋ,1
n,w,aː,n,4
n,w,ɛ,,5
n,,u,,1
n,,uə,,1
n,,u,j,1
n,,u,m,1
n,,u,n,1
n,,u,ŋ,1
n,w,i,,1
n,,uə,j,1
n,,uə,n,1
n,,uə,ŋ,1
n,w,i,p,5
n,,uə,k,5
n,,uə,k,6
n,,uə,j,5
n,,uə,m,5
n,,uə,t,5
n,,uə,t,6
n,,aː,,2
n,,aː,j,2
n,,aː,n,2
n,,aː,ŋ,2
n,,ɛ,ŋ,2
n,,aː,w,2
n,,a,w,2
n,,a,j,2
n,,aː,,5
n,,aː,k,5
n,,ɛ,k,5
n,,aː,j,5
n,,aː,m,5
n,,aː,n,5
n,,aː,ŋ,5
n,,ɛ,ŋ,5
n,,aː,w,5
n,,aː,p,5
n,,aː,t,5
n,,a,w,5
n,,a,j,5
n,,ə,m,1
n,,ə,n,1
n,,ə,ŋ,1
n,,ə,w,1
n,,ə,j,1
n,,aː,,4
n,,aː,j,4
n,,aː,w,4
n,,a,j,4
n,,ɛ,,2
n,,ɛ,n,2
n,,ɛ,w,2
n,,ɛ,,5
n,,ɛ,m,5
n,,ɛ,n,5
n,,ɛ,w,5
n,,ɛ,p,5
n,,ɛ,t,5
n,,e,,1
n,,e,m,1
n,,e,n,1
n,,e,ŋ,1
n,,e,w,1
n,,i,,2
n,,i,ŋ,2
n,,i,,5
n,,i,k,5
n,,i,n,5
n,,i,ŋ,5
n,,i,p,5
n,,i,t,5
n,,i,w,5
n,,ɔ,,2
n,,ɔ,j,2
n,,ɔ,m,2
n,,ɔ,ŋ,2
n,,ɔ,,5
n,,ɔ,k,5
n,,ɔ,j,5
n,,ɔ,n,5
n,,ɔ,ŋ,5
n,,ɔ,p,5
n,,ɔ,t,5
n,,o,,1
n,,o,j,1
n,,o,m,1
n,,o,n,1
n,,o,ŋ,1
n,,ɔ,,4
n,,ɔ,n,4
n,,uə,,2
n,,u,j,2
n,,u,n,2
n,,u,ŋ,2
n,,u,,5
n,,uə,,5
n,,u,k,5
n,,u,j,5
n,,u,m,5
n,,u,ŋ,5
n,,u,p,5
n,,u,t,5
n,,əː,,1
n,,ɨ,,1
n,,aː,,6
n,,aː,,3
n,,ɛ,,6
n,,ɛ,,3
n,,e,,2
n,,e,,3
n,,e,,6
n,,i,,3
n,,i,,6
n,,ɔ,,6
n,,ɔ,,3
n,,o,,5
n,,o,,2
n,,o,,3
n,,o,,4
n,,o,,6
n,,əː,,5
n,,əː,,2
n,,əː,,3
n,,əː,,4
n,,əː,,6
n,,u,,6
n,,u,,3
n,,ɨ,,3
n,,ɨ,,4
n,,ɨ,,6
n,,iə,,4
n,,ɨə,,1
n,,uə,,3
n,,ɨə,,5
n,,ɨə,,3
n,,ɨə,,4
n,,aː,k,6
n,,ə,k,5
n,,a,k,5
n,,a,k,6
n,,ɔ,k,6
n,,o,k,5
n,,u,k,6
n,,ɨ,k,5
n,,ɨ,k,6
n,,i,k,6
n,,əː,j,1
n,,aː,j,6
n,,aː,j,3
n,,ɔ,j,6
n,,ɔ,j,3
n,,o,j,5
n,,o,j,2
n,,o,j,3
n,,o,j,4
n,,o,j,6
n,,əː,j,5
n,,əː,j,3
n,,a,m,1
n,,əː,m,1
n,,aː,m,6
n,,ə,m,5
n,,ə,m,2
n,,ə,m,4
n,,ə,m,6
n,,a,m,5
n,,a,m,2
n,,a,m,6
n,,e,m,5
n,,e,m,6
n,,ɔ,m,3
n,,o,m,2
n,,o,m,6
n,,əː,m,2
n,,əː,m,4
n,,a,n,1
n,,əː,n,1
n,,aː,n,6
n,,aː,n,3
n,,ə,n,5
n,,ə,n,2
n,,ə,n,4
n,,a,n,5
n,,a,n,2
n,,a,n,6
n,,e,n,5
n,,e,n,2
n,,e,n,6
n,,ɔ,n,6
n,,o,n,6
n,,a,ŋ,1
n,,u,ŋ,4
n,,ɨ,ŋ,1
n,,aː,ŋ,6
n,,ə,ŋ,5
n,,ə,ŋ,4
n,,ə,ŋ,6
n,,a,ŋ,5
n,,a,ŋ,2
n,,a,ŋ,3
n,,a,ŋ,4
n,,a,ŋ,6
n,,ɔ,ŋ,6
n,,ɔ,ŋ,3
n,,o,ŋ,5
n,,o,ŋ,2
n,,o,ŋ,3
n,,o,ŋ,4
n,,ɨ,ŋ,5
n,,ɨ,ŋ,2
n,,ɨ,ŋ,4
n,,ɨ,ŋ,6
n,,ɛ,ŋ,6
n,,e,ŋ,5
n,,e,ŋ,2
n,,i,ŋ,6
n,,aː,w,6
n,,aː,w,3
n,,ɛ,w,3
n,,aː,p,6
n,,ə,p,5
n,,ə,p,6
n,,a,p,5
n,,ɛ,p,6
n,,e,p,5
n,,e,p,6
n,,o,p,5
n,,o,p,6
n,,əː,p,5
n,,əː,p,6
n,,aː,t,6
n,,ə,t,6
n,,ɛ,t,6
n,,e,t,5
n,,i,t,6
n,,ɔ,t,6
n,,o,t,5
n,,o,t,6
n,,əː,t,5
n,,ɨ,t,5
n,,ə,w,5
n,,ə,w,3
n,,ə,w,4
n,,ə,w,6
n,,e,w,5
n,,i,w,6
n,,a,j,6
n,,a,j,3
n,,ə,j,5
n,,ə,j,2
n,,ə,j,3
n,,ə,j,4
n,,ə,j,6
n,,ɨə,k,5
n,,ɨə,k,6
n,,ɨə,j,2
n,,ɨə,m,2
n,,ɨə,ŋ,1
n,,ɨə,ŋ,5
n,,ɨə,ŋ,2
n,,ɨə,p,6
n,,ɨə,w,5
ʔ,,ɔ,,1
w,,aː,,1
w,,aː,j,1
w,,aː,n,1
w,,aː,ŋ,1
w,,ɛ,ŋ,1
w,,ɛ,,1
w,,ɛ,m,1
w,,ɛ,w,1
ʔ,,ɔ,j,1
ʔ,,ɔ,m,1
ʔ,,ɔ,n,1
ʔ,,ɔ,ŋ,1
w,,aː,,2
w,,aː,j,2
w,,aː,m,2
w,,aː,ŋ,2
w,,ɛ,ŋ,2
w,,aː,k,5
w,,ɛ,k,5
w,,aː,j,5
w,,aː,n,5
w,,ɛ,ŋ,5
w,,aː,p,5
w,,aː,t,5
w,,ɛ,w,2
w,,ɛ,,5
w,,ɛ,t,5
w,,ɛ,,6
w,,ɛ,,3
w,,aː,k,6
w,,a,k,5
w,,ɛ,k,6
w,,aː,j,6
w,,aː,j,3
w,,a,m,1
w,,a,n,1
w,,aː,n,3
w,,a,n,2
w,,a,n,3
w,,a,ŋ,1
w,,a,ŋ,3
w,,aː,p,6
w,,a,t,5
w,,a,t,6
p,,aː,,1
p,,aː,j,1
p,,aː,m,1
p,,aː,n,1
p,,aː,ŋ,1
p,,ɛ,ŋ,1
p,,aː,w,1
p,,a,w,1
p,,a,j,1
p,,ɛ,,1
p,,ɛ,n,1
p,,ɛ,w,1
f,,aː,,1
f,,aː,j,1
f,,aː,m,1
f,,aː,n,1
f,,aː,ŋ,1
f,,ɛ,ŋ,1
f,,aː,w,1
f,,a,w,1
f,,a,j,1
f,,ɛ,,1
f,,ɛ,n,1
f,,ɛ,w,1
f,,i,,1
f,,iə,,1
f,,i,m,1
f,,i,n,1
f,,i,ŋ,1
f,,i,w,1
f,,iə,n,1
f,,iə,ŋ,1
f,,iə,w,1
f,,iə,m,5
f,,iə,n,5
f,,iə,n,2
f,,iə,n,6
f,,iə,ŋ,2
f,,iə,p,5
f,,iə,t,5
f,,iə,t,6
f,,iə,w,5
f,,iə,w,3
f,,iə,w,6
f,,ɔ,,1
f,w,ɛ,ŋ,1
f,,ɔ,j,1
f,,ɔ,m,1
f,,ɔ,n,1
f,,ɔ,ŋ,1
f,,u,,1
f,,u,j,1
f,,u,m,1
f,,u,n,1
f,,u,ŋ,1
f,w,i,,1
f,,uə,ŋ,1
f,,uə,k,6
f,,aː,,2
f,,aː,j,2
f,,aː,m,2
f,,aː,n,2
f,,aː,ŋ,2
f,,ɛ,ŋ,2
f,,aː,w,2
f,,aː,,5
f,,aː,k,5
f,,ɛ,k,5
f,,aː,j,5
f,,aː,m,5
f,,aː,n,5
f,,aː,w,5
f,,aː,p,5
f,,aː,t,5
f,,a,j,5
f,,ə,m,1
f,,ə,n,1
f,,ə,ŋ,1
f,,ə,w,1
f,,ə,j,1
f,,ɛ,,2
f,,ɛ,n,2
f,,ɛ,w,2
f,,ɛ,,5
f,,ɛ,ŋ,5
f,,ɛ,w,5
f,,ɛ,p,5
f,,ɛ,t,5
f,,e,,1
f,,e,n,1
f,,e,ŋ,1
f,,e,w,1
f,,i,,2
f,,iə,,2
f,,i,n,2
f,,i,ŋ,2
f,,i,,5
f,,iə,,5
f,,i,k,5
f,,i,m,5
f,,i,ŋ,5
f,,i,t,5
f,,ɔ,,2
f,,ɔ,j,2
f,,ɔ,m,2
f,,ɔ,ŋ,2
f,,ɔ,,5
f,,ɔ,k,5
f,,ɔ,n,5
f,,ɔ,ŋ,5
f,,ɔ,p,5
f,,ɔ,t,5
f,,o,,1
f,,o,j,1
f,,o,m,1
f,,o,n,1
f,,o,ŋ,1
f,,u,,2
f,,uə,,2
f,,u,n,2
f,,u,ŋ,2
f,,u,,5
f,,u,k,5
f,,u,n,5
f,,u,ŋ,5
f,,u,t,5
f,,u,,4
f,,əː,,1
f,,ɨ,,1
f,,aː,,6
f,,aː,,3
f,,e,,5
f,,e,,2
f,,e,,6
f,,i,,3
f,,i,,6
f,,ɔ,,6
f,,o,,5
f,,o,,2
f,,o,,3
f,,əː,,5
f,,əː,,2
f,,əː,,3
f,,u,,6
f,,u,,3
f,,ɨ,,3
f,,iə,,6
f,,ɨə,,5
f,,ɨə,,6
f,,aː,k,6
f,,a,k,5
f,,ɔ,k,6
f,,o,k,5
f,,o,k,6
f,,u,k,6
f,,ɨ,k,5
f,,ɨ,k,6
f,,ɛ,k,6
f,,e,k,5
f,,i,k,6
f,,əː,j,1
f,,aː,j,3
f,,o,j,5
f,,o,j,3
f,,əː,j,5
f,,əː,j,2
f,,u,j,3
f,,a,m,1
f,,aː,m,6
f,,aː,m,3
f,,ə,m,5
f,,ə,m,2
f,,ə,m,3
f,,ə,m,6
f,,ɔ,m,3
f,,o,m,2
f,,a,n,1
f,,əː,n,1
f,,aː,n,6
f,,aː,n,3
f,,ə,n,5
f,,ə,n,2
f,,ə,n,3
f,,ə,n,4
f,,ə,n,6
f,,a,n,5
f,,e,n,5
f,,e,n,4
f,,o,n,2
f,,əː,n,5
f,,əː,n,3
f,,əː,n,4
f,,ɨ,n,2
f,,a,ŋ,1
f,,ɨ,ŋ,1
f,,aː,ŋ,6
f,,aː,ŋ,3
f,,a,ŋ,3
f,,a,ŋ,6
f,,ɔ,ŋ,6
f,,ɔ,ŋ,3
f,,o,ŋ,2
f,,o,ŋ,3
f,,o,ŋ,4
f,,o,ŋ,6
f,,u,ŋ,6
f,,u,ŋ,3
f,,ɨ,ŋ,2
f,,i,ŋ,4
f,,e,ŋ,2
f,,e,ŋ,6
f,,i,ŋ,3
f,,aː,w,6
f,,aː,w,3
f,,ə,p,5
f,,ə,p,6
f,,a,p,5
f,,ɔ,p,6
f,,o,p,5
f,,u,p,6
f,,aː,t,6
f,,ə,t,5
f,,ə,t,6
f,,a,t,5
f,,ɛ,t,6
f,,e,t,5
f,,e,t,6
f,,i,t,6
f,,ɔ,t,6
f,,o,t,5
f,,əː,t,5
f,,u,t,6
f,,ɨ,t,5
f,,ɨ,t,6
f,,ə,w,3
f,,ə,w,4
f,,e,w,2
f,,e,w,4
f,,e,w,6
f,,i,w,6
f,,a,j,3
f,,ə,j,3
f,,ɨə,k,5
f,,ɨə,k,6
f,,ɨə,n,1
f,,ɨə,n,5
f,,ɨə,n,4
f,,ɨə,ŋ,1
f,,ɨə,ŋ,5
f,,ɨə,ŋ,2
f,,ɨə,ŋ,3
f,,ɨə,ŋ,4
f,,ɨə,ŋ,6
f,,ɨə,t,6
f,,ɨə,w,6
p,,i,,1
p,,iə,,1
p,,i,m,1
p,,i,n,1
p,,i,w,1
p,,iə,n,1
p,,iə,ŋ,1
p,,iə,w,1
p,,iə,ŋ,2
p,,ɔ,,1
p,w,aː,n,1
p,w,ɛ,,1
p,,ɔ,m,1
p,,ɔ,n,1
p,,ɔ,ŋ,1
p,,u,,1
p,,uə,,1
p,,u,j,1
p,,u,n,1
p,,u,ŋ,1
p,,uə,k,5
p,,uə,k,6
p,,aː,,2
p,,aː,j,2
p,,aː,n,2
p,,aː,ŋ,2
p,,ɛ,ŋ,2
p,,aː,,5
p,,aː,k,5
p,,ɛ,k,5
p,,aː,n,5
p,,aː,w,5
p,,aː,p,5
p,,aː,t,5
p,,ə,w,1
p,,ə,j,1
p,,ɛ,,2
p,,ɛ,,5
p,,ɛ,m,5
p,,ɛ,w,5
p,,ɛ,t,5
p,,e,,1
p,,e,ŋ,1
p,,i,,2
p,,i,,5
p,,iə,,5
p,,i,k,5
p,,i,n,5
p,,i,p,5
p,,i,t,5
p,,ɔ,,2
p,,ɔ,,5
p,,o,,1
p,,o,n,1
p,,o,ŋ,1
p,,u,,2
p,,uə,,2
p,,u,,5
p,,uə,,5
p,,u,ŋ,5
p,,u,t,5
p,,əː,,1
p,,ɨ,,1
p,,aː,,6
p,,aː,,3
p,,ɛ,,3
p,,o,,5
p,,o,,2
p,,əː,,5
p,,əː,,2
p,,iə,,6
p,,uə,,6
p,,uə,,3
p,,ɨə,,5
p,,aː,k,6
p,,ə,k,5
p,,a,k,5
p,,ɛ,k,6
p,,o,k,5
p,,a,m,1
p,,a,n,1
p,,ɨ,n,1
p,,aː,n,3
p,,a,n,2
p,,o,n,2
p,,əː,n,5
p,,a,ŋ,1
p,,əː,ŋ,1
p,,ə,ŋ,2
p,,ɔ,ŋ,6
p,,e,ŋ,2
p,,i,ŋ,3
p,,e,t,5
p,,o,t,5
p,,ə,w,3
p,,e,w,5
p,,ɨə,j,1
k,w,aː,j,1
k,w,aː,ŋ,1
k,w,ɛ,ŋ,1
k,w,aː,w,1
k,w,a,w,1
k,w,a,j,1
k,w,ɛ,w,1
k,w,i,,1
k,w,i,n,1
k,w,ɔ,,1
k,w,i,ŋ,1
k,w,iə,n,1
k,w,iə,n,5
k,w,iə,n,2
k,w,iə,n,3
k,w,iə,n,6
k,w,iə,t,5
k,w,iə,t,6
k,w,aː,,2
k,w,aː,j,2
k,w,aː,n,2
k,w,aː,ŋ,2
k,w,ɛ,ŋ,2
k,w,aː,w,2
k,w,a,w,2
k,w,a,j,2
k,w,aː,,5
k,w,aː,k,5
k,w,ɛ,k,5
k,w,aː,j,5
k,w,aː,n,5
k,w,aː,ŋ,5
k,w,ɛ,ŋ,5
k,w,aː,w,5
k,w,aː,t,5
k,w,a,w,5
k,w,a,j,5
k,w,ə,n,1
k,w,ə,j,1
k,w,aː,ŋ,4
k,w,ɛ,,2
k,w,ɛ,n,2
k,w,ɛ,w,2
k,w,ɛ,,5
k,w,ɛ,n,5
k,w,ɛ,w,5
k,w,ɛ,t,5
k,w,e,,1
k,w,e,n,1
k,w,i,,2
k,w,i,ŋ,2
k,w,i,,5
k,w,i,k,5
k,w,i,t,5
k,w,ɔ,k,5
k,w,i,ŋ,5
k,w,i,,4
k,w,əː,,1
k,w,aː,,6
k,w,aː,,3
k,w,ɛ,,3
k,w,ɛ,,4
k,w,e,,5
k,w,e,,2
k,w,e,,6
k,w,i,,3
k,w,i,,6
k,w,ɔ,,6
k,w,o,,5
k,w,əː,,5
k,w,əː,,2
k,w,əː,,3
k,w,aː,k,6
k,w,ə,k,5
k,w,a,k,5
k,w,a,k,6
k,w,o,k,5
k,w,o,k,6
k,w,ɛ,k,6
k,w,e,k,5
k,w,e,k,6
k,w,aː,j,6
k,w,aː,j,3
k,w,əː,j,5
k,w,a,m,1
k,w,a,m,5
k,w,a,m,2
k,w,a,m,3
k,w,a,m,6
k,w,a,n,1
k,w,əː,n,1
k,w,aː,n,3
k,w,ə,n,5
k,w,ə,n,2
k,w,ə,n,3
k,w,ə,n,4
k,w,ə,n,6
k,w,a,n,5
k,w,a,n,2
k,w,a,n,6
k,w,ɛ,n,6
k,w,e,n,5
k,w,e,n,6
k,w,əː,n,2
k,w,a,ŋ,1
k,w,aː,ŋ,6
k,w,aː,ŋ,3
k,w,ə,ŋ,2
k,w,ə,ŋ,3
k,w,a,ŋ,3
k,w,a,ŋ,6
k,w,ɛ,ŋ,6
k,w,e,ŋ,5
k,w,e,ŋ,2
k,w,e,ŋ,6
k,w,i,ŋ,3
k,w,aː,w,6
k,w,ɛ,w,6
k,w,a,p,5
k,w,a,p,6
k,w,i,p,6
k,w,aː,t,6
k,w,ə,t,5
k,w,ə,t,6
k,w,a,t,5
k,w,a,t,6
k,w,ɛ,t,6
k,w,e,t,5
k,w,e,t,6
k,w,i,t,6
k,w,əː,t,5
k,w,a,w,6
k,w,e,w,5
k,w,e,w,2
k,w,a,j,6
k,w,a,j,3
k,w,ə,j,5
k,w,ə,j,2
k,w,ə,j,3
k,w,ə,j,4
k,w,ə,j,6
r,,aː,,1
r,,aː,j,1
r,,aː,m,1
r,,aː,n,1
r,,aː,ŋ,1
r,,ɛ,ŋ,1
r,,aː,w,1
r,,a,w,1
r,,a,j,1
r,,ɛ,,1
r,,ɛ,m,1
r,,ɛ,n,1
r,,ɛ,w,1
r,,i,,1
r,,iə,,1
r,,i,m,1
r,,i,n,1
r,,i,ŋ,1
r,,i,w,1
r,,iə,,2
r,,iə,n,1
r,,iə,ŋ,1
r,,iə,w,1
r,,iə,k,6
r,,iə,m,2
r,,iə,ŋ,2
r,,iə,p,6
r,,iə,t,5
r,,iə,t,6
r,,iə,w,5
r,,iə,w,2
r,,iə,w,4
r,,iə,w,6
r,,ɔ,,1
r,w,aː,,1
r,w,aː,m,1
r,w,ɛ,,1
r,,ɔ,j,1
r,,ɔ,m,1
r,,ɔ,n,1
r,,ɔ,ŋ,1
r,w,aː,ŋ,2
r,w,aː,,5
r,w,aː,t,5
r,w,aː,n,4
r,w,aː,t,6
r,w,ɛ,t,6
r,,u,,1
r,,uə,,1
r,,u,j,1
r,,u,m,1
r,,u,n,1
r,,u,ŋ,1
r,w,i,,1
r,w,e,,1
r,,uə,n,1
r,w,e,,6
r,,uə,k,5
r,,uə,k,6
r,,uə,j,5
r,,uə,j,2
r,,uə,j,3
r,,uə,m,6
r,,uə,ŋ,2
r,,uə,ŋ,4
r,,uə,ŋ,6
r,,uə,t,5
r,,uə,t,6
r,,aː,,2
r,,aː,j,2
r,,aː,m,2
r,,aː,n,2
r,,aː,ŋ,2
r,,ɛ,ŋ,2
r,,aː,w,2
r,,a,j,2
r,,aː,,5
r,,aː,k,5
r,,ɛ,k,5
r,,aː,j,5
r,,aː,m,5
r,,aː,n,5
r,,aː,ŋ,5
r,,aː,w,5
r,,aː,p,5
r,,aː,t,5
r,,a,w,5
r,,a,j,5
r,,ə,m,1
r,,ə,n,1
r,,ə,w,1
r,,ə,j,1
r,,aː,,4
r,,aː,j,4
r,,ɛ,ŋ,4
r,,aː,w,4
r,,a,j,4
r,,ɛ,,2
r,,ɛ,m,2
r,,ɛ,n,2
r,,ɛ,w,2
r,,ɛ,,5
r,,ɛ,n,5
r,,ɛ,w,5
r,,ɛ,p,5
r,,ɛ,t,5
r,,e,,1
r,,e,m,1
r,,e,n,1
r,,e,w,1
r,,i,,2
r,,i,ŋ,2
r,,i,w,2
r,,i,,5
r,,i,k,5
r,,i,m,5
r,,i,t,5
r,,i,w,5
r,,ɔ,,2
r,,ɔ,j,2
r,,ɔ,m,2
r,,ɔ,n,2
r,,ɔ,ŋ,2
r,,ɔ,,5
r,,ɔ,k,5
r,,ɔ,j,5
r,,ɔ,m,5
r,,ɔ,n,5
r,,ɔ,ŋ,5
r,,ɔ,t,5
r,,o,,1
r,,o,j,1
r,,o,m,1
r,,o,n,1
r,,o,ŋ,1
r,,ɔ,,4
r,,ɔ,j,4
r,,u,,2
r,,uə,,2
r,,u,j,2
r,,u,m,2
r,,u,n,2
r,,u,ŋ,2
r,,u,,5
r,,u,k,5
r,,u,j,5
r,,u,m,5
r,,u,n,5
r,,u,ŋ,5
r,,u,p,5
r,,u,t,5
r,,i,,4
r,,u,,4
r,,əː,,1
r,,ɨ,,1
r,,aː,,6
r,,aː,,3
r,,ɛ,,3
r,,ɛ,,4
r,,e,,5
r,,e,,2
r,,e,,3
r,,e,,4
r,,e,,6
r,,i,,3
r,,i,,6
r,,ɔ,,6
r,,ɔ,,3
r,,o,,2
r,,o,,3
r,,o,,4
r,,o,,6
r,,əː,,5
r,,əː,,2
r,,əː,,3
r,,əː,,4
r,,əː,,6
r,,u,,3
r,,ɨ,,5
r,,ɨ,,2
r,,ɨ,,6
r,,uə,,4
r,,ɨə,,1
r,,iə,,3
r,,iə,,6
r,,uə,,6
r,,uə,,3
r,,ɨə,,5
r,,ɨə,,3
r,,ɨə,,4
r,,ɨə,,6
r,,aː,k,6
r,,a,k,5
r,,a,k,6
r,,ɛ,k,6
r,,ɔ,k,6
r,,o,k,5
r,,o,k,6
r,,u,k,6
r,,ɨ,k,5
r,,ɨ,k,6
r,,e,k,5
r,,e,k,6
r,,i,k,6
r,,əː,j,1
r,,aː,j,3
r,,ɔ,j,6
r,,ɔ,j,3
r,,o,j,5
r,,o,j,2
r,,o,j,3
r,,o,j,4
r,,əː,j,2
r,,əː,j,6
r,,u,j,6
r,,u,j,3
r,,a,m,1
r,,əː,m,1
r,,aː,m,6
r,,ə,m,5
r,,ə,m,2
r,,ə,m,3
r,,ə,m,4
r,,ə,m,6
r,,a,m,5
r,,a,m,2
r,,a,m,6
r,,ɔ,m,6
r,,ɔ,m,3
r,,o,m,2
r,,o,m,6
r,,əː,m,5
r,,əː,m,2
r,,əː,m,3
r,,əː,m,6
r,,u,m,6
r,,a,n,1
r,,i,n,4
r,,əː,n,1
r,,aː,n,6
r,,ə,n,5
r,,ə,n,2
r,,ə,n,6
r,,a,n,5
r,,a,n,2
r,,a,n,6
r,,e,n,5
r,,e,n,2
r,,e,n,6
r,,i,n,3
r,,i,n,6
r,,ɔ,n,6
r,,ɔ,n,3
r,,o,n,5
r,,o,n,2
r,,o,n,3
r,,o,n,6
r,,əː,n,2
r,,əː,n,3
r,,əː,n,4
r,,əː,n,6
r,,u,n,3
r,,a,ŋ,1
r,,ɨ,ŋ,1
r,,aː,ŋ,6
r,,aː,ŋ,3
r,,ə,ŋ,2
r,,a,ŋ,2
r,,a,ŋ,3
r,,a,ŋ,6
r,,ɛ,ŋ,3
r,,ɔ,ŋ,3
r,,o,ŋ,5
r,,o,ŋ,2
r,,o,ŋ,3
r,,o,ŋ,4
r,,o,ŋ,6
r,,u,ŋ,6
r,,u,ŋ,3
r,,ɨ,ŋ,2
r,,ɨ,ŋ,3
r,,ɨ,ŋ,6
r,,ɛ,ŋ,6
r,,e,ŋ,2
r,,e,ŋ,3
r,,i,ŋ,3
r,,aː,w,6
r,,aː,w,3
r,,ɛ,w,6
r,,ɛ,w,3
r,,aː,p,6
r,,ə,p,5
r,,ə,p,6
r,,a,p,5
r,,e,p,6
r,,i,p,6
r,,o,p,5
r,,o,p,6
r,,əː,p,5
r,,əː,p,6
r,,u,p,6
r,,aː,t,6
r,,ə,t,5
r,,ə,t,6
r,,a,t,5
r,,a,t,6
r,,ɛ,t,6
r,,e,t,5
r,,e,t,6
r,,i,t,6
r,,ɔ,t,6
r,,o,t,5
r,,o,t,6
r,,əː,t,5
r,,əː,t,6
r,,u,t,6
r,,ɨ,t,5
r,,a,w,3
r,,ə,w,2
r,,ə,w,6
r,,e,w,5
r,,e,w,2
r,,e,w,6
r,,a,j,6
r,,a,j,3
r,,ə,j,5
r,,ə,j,2
r,,ə,j,3
r,,ə,j,4
r,,ɨə,k,5
r,,ɨə,k,6
r,,ɨə,j,1
r,,ɨə,j,5
r,,ɨə,j,2
r,,ɨə,j,3
r,,ɨə,j,4
r,,ɨə,j,6
r,,ɨə,m,1
r,,ɨə,m,5
r,,ɨə,m,2
r,,ɨə,n,5
r,,ɨə,n,2
r,,ɨə,n,6
r,,ɨə,ŋ,1
r,,ɨə,ŋ,2
r,,ɨə,ŋ,6
r,,ɨə,t,6
r,,ɨə,w,6
ʂ,,aː,,1
ʂ,,aː,j,1
ʂ,,aː,m,1
ʂ,,aː,n,1
ʂ,,aː,ŋ,1
ʂ,,ɛ,ŋ,1
ʂ,,aː,w,1
ʂ,,a,w,1
ʂ,,a,j,1
ʂ,,ɛ,,1
ʂ,,ɛ,m,1
ʂ,,ɛ,n,1
ʂ,,ɛ,w,1
ʂ,,i,,1
ʂ,,iə,,1
ʂ,,i,m,1
ʂ,,i,n,1
ʂ,,i,ŋ,1
ʂ,,i,w,1
ʂ,,iə,m,1
ʂ,,iə,n,1
ʂ,,iə,ŋ,1
ʂ,,iə,w,1
ʂ,,iə,k,5
ʂ,,iə,m,3
ʂ,,iə,n,4
ʂ,,iə,ŋ,3
ʂ,,iə,t,5
ʂ,,ɔ,,1
ʂ,w,aː,,1
ʂ,w,aː,n,1
ʂ,,ɔ,j,1
ʂ,,ɔ,m,1
ʂ,,ɔ,n,1
ʂ,,ɔ,ŋ,1
ʂ,w,aː,,2
ʂ,w,aː,j,2
ʂ,w,aː,m,2
ʂ,w,aː,n,2
ʂ,w,aː,j,5
ʂ,w,aː,n,5
ʂ,w,aː,t,5
ʂ,w,aː,j,3
ʂ,w,aː,n,6
ʂ,w,aː,n,3
ʂ,w,aː,ŋ,6
ʂ,w,aː,ŋ,3
ʂ,w,aː,p,6
ʂ,w,aː,t,6
ʂ,w,ɛ,t,6
ʂ,,u,,1
ʂ,,uə,,1
ʂ,,u,j,1
ʂ,,u,m,1
ʂ,,u,n,1
ʂ,,u,ŋ,1
ʂ,w,i,,1
ʂ,w,iə,n,3
ʂ,w,iə,n,4
ʂ,w,e,,1
ʂ,,uə,n,1
ʂ,,uə,ŋ,1
ʂ,w,i,,5
ʂ,w,i,t,5
ʂ,,uə,j,5
ʂ,,uə,ŋ,2
ʂ,w,ə,t,5
ʂ,,uə,t,5
ʂ,w,i,t,6
ʂ,,aː,,2
ʂ,,aː,j,2
ʂ,,aː,m,2
ʂ,,aː,n,2
ʂ,,aː,ŋ,2
ʂ,,ɛ,ŋ,2
ʂ,,aː,w,2
ʂ,,aː,,5
ʂ,,aː,k,5
ʂ,,ɛ,k,5
ʂ,,aː,j,5
ʂ,,aː,m,5
ʂ,,aː,n,5
ʂ,,aː,ŋ,5
ʂ,,ɛ,ŋ,5
ʂ,,aː,w,5
ʂ,,aː,p,5
ʂ,,aː,t,5
ʂ,,a,w,5
ʂ,,a,j,5
ʂ,,ə,m,1
ʂ,,ə,n,1
ʂ,,ə,ŋ,1
ʂ,,ə,w,1
ʂ,,ə,j,1
ʂ,,aː,,4
ʂ,,aː,j,4
ʂ,,aː,w,4
ʂ,,ɛ,,2
ʂ,,ɛ,w,2
ʂ,,ɛ,m,5
ʂ,,ɛ,w,5
ʂ,,ɛ,t,5
ʂ,,e,,1
ʂ,,e,n,1
ʂ,,e,ŋ,1
ʂ,,e,w,1
ʂ,,i,,2
ʂ,,i,n,2
ʂ,,i,ŋ,2
ʂ,,i,,5
ʂ,,i,k,5
ʂ,,i,m,5
ʂ,,i,n,5
ʂ,,i,ŋ,5
ʂ,,i,p,5
ʂ,,i,t,5
ʂ,,i,w,5
ʂ,,ɔ,,2
ʂ,,ɔ,j,2
ʂ,,ɔ,m,2
ʂ,,ɔ,n,2
ʂ,,ɔ,ŋ,2
ʂ,,ɔ,,5
ʂ,,ɔ,k,5
ʂ,,ɔ,j,5
ʂ,,ɔ,m,5
ʂ,,ɔ,n,5
ʂ,,ɔ,ŋ,5
ʂ,,ɔ,t,5
ʂ,,o,,1
ʂ,,o,j,1
ʂ,,o,n,1
ʂ,,o,ŋ,1
ʂ,,ɔ,j,4
ʂ,,ɔ,ŋ,4
ʂ,,u,,2
ʂ,,u,j,2
ʂ,,u,m,2
ʂ,,u,ŋ,2
ʂ,,u,,5
ʂ,,uə,,5
ʂ,,u,k,5
ʂ,,u,j,5
ʂ,,u,n,5
ʂ,,u,ŋ,5
ʂ,,u,p,5
ʂ,,u,t,5
ʂ,,i,,4
ʂ,,u,,4
ʂ,,əː,,1
ʂ,,ɨ,,1
ʂ,,aː,,6
ʂ,,aː,,3
ʂ,,ɛ,,6
ʂ,,ɛ,,3
ʂ,,ɛ,,4
ʂ,,e,,2
ʂ,,e,,3
ʂ,,e,,4
ʂ,,e,,6
ʂ,,i,,3
ʂ,,i,,6
ʂ,,ɔ,,6
ʂ,,ɔ,,3
ʂ,,o,,5
ʂ,,o,,2
ʂ,,o,,3
ʂ,,o,,4
ʂ,,o,,6
ʂ,,əː,,5
ʂ,,əː,,2
ʂ,,əː,,3
ʂ,,əː,,4
ʂ,,əː,,6
ʂ,,u,,6
ʂ,,u,,3
ʂ,,ɨ,,5
ʂ,,ɨ,,2
ʂ,,ɨ,,3
ʂ,,ɨ,,6
ʂ,,ɨə,,1
ʂ,,iə,,3
ʂ,,iə,,6
ʂ,,uə,,6
ʂ,,uə,,3
ʂ,,ɨə,,5
ʂ,,ɨə,,3
ʂ,,ɨə,,4
ʂ,,aː,k,6
ʂ,,a,k,5
ʂ,,a,k,6
ʂ,,ɛ,k,6
ʂ,,ɔ,k,6
ʂ,,o,k,5
ʂ,,o,k,6
ʂ,,u,k,6
ʂ,,ɨ,k,5
ʂ,,ɨ,k,6
ʂ,,e,k,6
ʂ,,i,k,6
ʂ,,əː,j,1
ʂ,,aː,j,6
ʂ,,aː,j,3
ʂ,,ɔ,j,3
ʂ,,o,j,2
ʂ,,o,j,3
ʂ,,o,j,6
ʂ,,əː,j,5
ʂ,,əː,j,3
ʂ,,əː,j,6
ʂ,,u,j,3
ʂ,,a,m,1
ʂ,,əː,m,1
ʂ,,aː,m,6
ʂ,,aː,m,3
ʂ,,ə,m,5
ʂ,,ə,m,2
ʂ,,ə,m,3
ʂ,,ə,m,4
ʂ,,ə,m,6
ʂ,,a,m,5
ʂ,,a,m,6
ʂ,,ɛ,m,6
ʂ,,ɔ,m,6
ʂ,,o,m,3
ʂ,,əː,m,5
ʂ,,əː,m,2
ʂ,,u,m,6
ʂ,,a,n,1
ʂ,,əː,n,1
ʂ,,aː,n,6
ʂ,,aː,n,3
ʂ,,ə,n,5
ʂ,,ə,n,2
ʂ,,ə,n,3
ʂ,,a,n,5
ʂ,,a,n,2
ʂ,,a,n,3
ʂ,,a,n,4
ʂ,,ɛ,n,3
ʂ,,e,n,5
ʂ,,e,n,2
ʂ,,e,n,3
ʂ,,e,n,6
ʂ,,i,n,3
ʂ,,o,n,2
ʂ,,əː,n,5
ʂ,,əː,n,2
ʂ,,əː,n,3
ʂ,,u,n,6
ʂ,,ɨ,n,2
ʂ,,a,ŋ,1
ʂ,,u,ŋ,4
ʂ,,ɨ,ŋ,1
ʂ,,aː,ŋ,3
ʂ,,a,ŋ,5
ʂ,,a,ŋ,2
ʂ,,a,ŋ,4
ʂ,,ɛ,ŋ,3
ʂ,,o,ŋ,5
ʂ,,o,ŋ,2
ʂ,,o,ŋ,3
ʂ,,o,ŋ,6
ʂ,,u,ŋ,6
ʂ,,u,ŋ,3
ʂ,,ɨ,ŋ,2
ʂ,,ɨ,ŋ,3
ʂ,,ɨ,ŋ,4
ʂ,,ɨ,ŋ,6
ʂ,,ɛ,ŋ,6
ʂ,,e,ŋ,5
ʂ,,e,ŋ,2
ʂ,,e,ŋ,3
ʂ,,i,ŋ,3
ʂ,,aː,w,6
ʂ,,aː,w,3
ʂ,,ɛ,w,6
ʂ,,aː,p,6
ʂ,,ə,p,5
ʂ,,ə,p,6
ʂ,,a,p,5
ʂ,,ɛ,p,6
ʂ,,e,p,5
ʂ,,e,p,6
ʂ,,i,p,6
ʂ,,o,p,5
ʂ,,o,p,6
ʂ,,u,p,6
ʂ,,aː,t,6
ʂ,,ə,t,5
ʂ,,ə,t,6
ʂ,,a,t,5
ʂ,,a,t,6
ʂ,,ɛ,t,6
ʂ,,e,t,5
ʂ,,e,t,6
ʂ,,i,t,6
ʂ,,ɔ,t,6
ʂ,,o,t,5
ʂ,,o,t,6
ʂ,,əː,t,5
ʂ,,u,t,6
ʂ,,ɨ,t,5
ʂ,,ɨ,t,6
ʂ,,ɨ,w,1
ʂ,,ə,w,5
ʂ,,ə,w,2
ʂ,,ə,w,6
ʂ,,e,w,5
ʂ,,e,w,2
ʂ,,ɨ,w,3
ʂ,,a,j,3
ʂ,,ə,j,5
ʂ,,ə,j,2
ʂ,,ə,j,3
ʂ,,ə,j,6
ʂ,,ɨə,j,1
ʂ,,ɨə,j,3
ʂ,,ɨə,n,2
ʂ,,ɨə,ŋ,1
ʂ,,ɨə,ŋ,5
ʂ,,ɨə,ŋ,2
ʂ,,ɨə,ŋ,6
ʂ,,ɨə,t,5
ʂ,,ɨə,t,6
t,,aː,,1
t,,aː,j,1
t,,aː,m,1
t,,aː,n,1
t,,aː,ŋ,1
t,,ɛ,ŋ,1
t,,aː,w,1
t,,a,w,1
t,,a,j,1
t,,ɛ,,1
t,,ɛ,m,1
t,,ɛ,n,1
t,,ɛ,w,1
tʰ,,aː,,1
tʰ,,aː,j,1
tʰ,,aː,m,1
tʰ,,aː,n,1
tʰ,,aː,ŋ,1
tʰ,,ɛ,ŋ,1
tʰ,,aː,w,1
tʰ,,a,w,1
tʰ,,a,j,1
tʰ,,ɛ,,1
tʰ,,ɛ,m,1
tʰ,,ɛ,n,1
tʰ,,ɛ,w,1
tʰ,,i,,1
tʰ,,iə,,1
tʰ,,i,m,1
tʰ,,i,n,1
tʰ,,i,ŋ,1
tʰ,,i,w,1
tʰ,,iə,m,1
tʰ,,iə,n,1
tʰ,,iə,ŋ,1
tʰ,,iə,w,1
tʰ,,iə,k,5
tʰ,,iə,m,2
tʰ,,iə,m,3
tʰ,,iə,n,5
tʰ,,iə,n,2
tʰ,,iə,n,3
tʰ,,iə,n,6
tʰ,,iə,ŋ,2
tʰ,,iə,p,5
tʰ,,iə,p,6
tʰ,,iə,t,5
tʰ,,iə,t,6
tʰ,,iə,w,5
tʰ,,iə,w,2
tʰ,,iə,w,3
tʰ,,iə,w,6
tʰ,,ɔ,,1
tʰ,w,aː,,1
tʰ,w,aː,j,1
tʰ,w,aː,n,1
tʰ,w,aː,ŋ,1
tʰ,,ɔ,j,1
tʰ,,ɔ,m,1
tʰ,,ɔ,n,1
tʰ,,ɔ,ŋ,1
tʰ,w,aː,,2
tʰ,w,aː,n,2
tʰ,w,aː,,5
tʰ,w,aː,j,5
tʰ,w,aː,n,5
tʰ,w,aː,ŋ,5
tʰ,w,aː,t,5
tʰ,w,aː,,4
tʰ,w,aː,,3
tʰ,w,aː,j,6
tʰ,w,aː,j,3
tʰ,w,a,n,1
tʰ,w,aː,n,6
tʰ,w,aː,n,3
tʰ,w,aː,ŋ,3
tʰ,w,a,ŋ,5
tʰ,w,aː,t,6
tʰ,w,a,t,5
tʰ,,u,,1
tʰ,,uə,,1
tʰ,,u,j,1
tʰ,,u,m,1
tʰ,,u,n,1
tʰ,,u,ŋ,1
tʰ,w,i,,1
tʰ,w,iə,n,1
tʰ,w,iə,n,5
tʰ,w,iə,n,2
tʰ,w,iə,n,3
tʰ,w,iə,n,6
tʰ,w,iə,t,5
tʰ,w,ə,n,1
tʰ,w,e,,1
tʰ,,uə,n,1
tʰ,,uə,ŋ,1
tʰ,w,i,,5
tʰ,w,e,,5
tʰ,w,e,,3
tʰ,,uə,,3
tʰ,w,i,,2
tʰ,w,i,,6
tʰ,w,i,,3
tʰ,,uə,k,5
tʰ,,uə,k,6
tʰ,,uə,j,2
tʰ,,uə,j,6
tʰ,,uə,m,6
tʰ,w,ə,n,5
tʰ,w,ə,n,2
tʰ,w,ə,n,3
tʰ,w,ə,n,4
tʰ,w,ə,n,6
tʰ,,uə,n,5
tʰ,,uə,n,2
tʰ,,uə,n,4
tʰ,,uə,ŋ,2
tʰ,,uə,ŋ,3
tʰ,w,i,ŋ,2
tʰ,w,ə,t,6
tʰ,,uə,t,6
tʰ,,aː,,2
tʰ,,aː,j,2
tʰ,,aː,m,2
tʰ,,aː,n,2
tʰ,,aː,ŋ,2
tʰ,,ɛ,ŋ,2
tʰ,,aː,w,2
tʰ,,a,j,2
tʰ,,aː,,5
tʰ,,aː,k,5
tʰ,,ɛ,k,5
tʰ,,aː,j,5
tʰ,,aː,m,5
tʰ,,aː,n,5
tʰ,,aː,ŋ,5
tʰ,,ɛ,ŋ,5
tʰ,,aː,w,5
tʰ,,aː,p,5
tʰ,,aː,t,5
tʰ,,a,w,5
tʰ,,a,j,5
tʰ,,ə,m,1
tʰ,,ə,n,1
tʰ,,ə,w,1
tʰ,,ə,j,1
tʰ,,aː,j,4
tʰ,,aː,w,4
tʰ,,ɛ,,2
tʰ,,ɛ,m,2
tʰ,,ɛ,n,2
tʰ,,ɛ,w,2
tʰ,,ɛ,,5
tʰ,,ɛ,m,5
tʰ,,ɛ,n,5
tʰ,,ɛ,w,5
tʰ,,ɛ,p,5
tʰ,,ɛ,t,5
tʰ,,e,,1
tʰ,,e,m,1
tʰ,,e,n,1
tʰ,,e,ŋ,1
tʰ,,e,w,1
tʰ,,i,,2
tʰ,,iə,,2
tʰ,,i,m,2
tʰ,,i,n,2
tʰ,,i,ŋ,2
tʰ,,i,w,2
tʰ,,i,,5
tʰ,,iə,,5
tʰ,,i,k,5
tʰ,,i,m,5
tʰ,,i,n,5
tʰ,,i,ŋ,5
tʰ,,i,p,5
tʰ,,i,t,5
tʰ,,ɔ,,2
tʰ,,ɔ,j,2
tʰ,,ɔ,m,2
tʰ,,ɔ,n,2
tʰ,,ɔ,ŋ,2
tʰ,,ɔ,,5
tʰ,,ɔ,k,5
tʰ,,ɔ,j,5
tʰ,,ɔ,m,5
tʰ,,ɔ,ŋ,5
tʰ,,ɔ,p,5
tʰ,,ɔ,t,5
tʰ,,o,,1
tʰ,,o,j,1
tʰ,,o,m,1
tʰ,,o,n,1
tʰ,,o,ŋ,1
tʰ,,ɔ,m,4
tʰ,,ɔ,ŋ,4
tʰ,,u,,2
tʰ,,uə,,2
tʰ,,u,j,2
tʰ,,u,m,2
tʰ,,u,n,2
tʰ,,u,ŋ,2
tʰ,,u,,5
tʰ,,u,k,5
tʰ,,u,j,5
tʰ,,u,ŋ,5
tʰ,,u,t,5
tʰ,,i,,4
tʰ,,əː,,1
tʰ,,ɨ,,1
tʰ,,aː,,6
tʰ,,aː,,3
tʰ,,ɛ,,3
tʰ,,ɛ,,4
tʰ,,e,,5
tʰ,,e,,2
tʰ,,e,,3
tʰ,,e,,6
tʰ,,i,,3
tʰ,,i,,6
tʰ,,ɔ,,6
tʰ,,ɔ,,3
tʰ,,o,,5
tʰ,,o,,2
tʰ,,o,,3
tʰ,,əː,,5
tʰ,,əː,,2
tʰ,,əː,,3
tʰ,,əː,,6
tʰ,,u,,6
tʰ,,u,,3
tʰ,,ɨ,,5
tʰ,,ɨ,,2
tʰ,,ɨ,,3
tʰ,,ɨ,,6
tʰ,,ɨə,,1
tʰ,,ɨə,,2
tʰ,,ɨə,,3
tʰ,,aː,k,6
tʰ,,a,k,5
tʰ,,ɔ,k,6
tʰ,,o,k,5
tʰ,,o,k,6
tʰ,,u,k,6
tʰ,,ɨ,k,5
tʰ,,ɨ,k,6
tʰ,,ɛ,k,6
tʰ,,e,k,5
tʰ,,i,k,6
tʰ,,əː,j,1
tʰ,,aː,j,3
tʰ,,ɔ,j,3
tʰ,,o,j,5
tʰ,,o,j,2
tʰ,,o,j,3
tʰ,,əː,j,5
tʰ,,əː,j,2
tʰ,,əː,j,3
tʰ,,u,j,6
tʰ,,u,j,3
tʰ,,a,m,1
tʰ,,əː,m,1
tʰ,,aː,m,3
tʰ,,ə,m,5
tʰ,,ə,m,2
tʰ,,ə,m,3
tʰ,,ə,m,4
tʰ,,ə,m,6
tʰ,,a,m,5
tʰ,,a,m,3
tʰ,,e,m,2
tʰ,,ɔ,m,3
tʰ,,o,m,2
tʰ,,əː,m,5
tʰ,,əː,m,2
tʰ,,u,m,3
tʰ,,a,n,1
tʰ,,əː,n,1
tʰ,,ɨ,n,1
tʰ,,aː,n,3
tʰ,,ə,n,5
tʰ,,ə,n,2
tʰ,,ə,n,3
tʰ,,ə,n,4
tʰ,,ə,n,6
tʰ,,a,n,5
tʰ,,a,n,2
tʰ,,a,n,3
tʰ,,ɛ,n,6
tʰ,,ɛ,n,3
tʰ,,e,n,6
tʰ,,ɔ,n,6
tʰ,,ɔ,n,3
tʰ,,o,n,5
tʰ,,o,n,2
tʰ,,o,n,3
tʰ,,o,n,4
tʰ,,o,n,6
tʰ,,əː,n,2
tʰ,,a,ŋ,1
tʰ,,u,ŋ,4
tʰ,,ɨ,ŋ,1
tʰ,,aː,ŋ,3
tʰ,,a,ŋ,5
tʰ,,a,ŋ,2
tʰ,,a,ŋ,3
tʰ,,a,ŋ,6
tʰ,,o,ŋ,5
tʰ,,o,ŋ,2
tʰ,,u,ŋ,6
tʰ,,u,ŋ,3
tʰ,,ɨ,ŋ,2
tʰ,,ɨ,ŋ,3
tʰ,,ɨ,ŋ,4
tʰ,,ɛ,ŋ,6
tʰ,,ɛ,ŋ,3
tʰ,,e,ŋ,5
tʰ,,e,ŋ,2
tʰ,,i,ŋ,3
tʰ,,i,ŋ,6
tʰ,,aː,w,6
tʰ,,aː,w,3
tʰ,,ɛ,w,6
tʰ,,ɛ,w,3
tʰ,,aː,p,6
tʰ,,ə,p,5
tʰ,,ə,p,6
tʰ,,a,p,5
tʰ,,ɛ,p,6
tʰ,,e,p,5
tʰ,,o,p,6
tʰ,,u,p,6
tʰ,,aː,t,6
tʰ,,ə,t,5
tʰ,,ə,t,6
tʰ,,a,t,5
tʰ,,a,t,6
tʰ,,e,t,5
tʰ,,i,t,6
tʰ,,ɔ,t,6
tʰ,,o,t,5
tʰ,,o,t,6
tʰ,,əː,t,5
tʰ,,əː,t,6
tʰ,,u,t,6
tʰ,,ə,w,5
tʰ,,ə,w,2
tʰ,,ə,w,3
tʰ,,e,w,2
tʰ,,e,w,3
tʰ,,i,w,3
tʰ,,i,w,6
tʰ,,ɨ,w,5
tʰ,,ɨ,w,6
tʰ,,a,j,3
tʰ,,ə,j,5
tʰ,,ə,j,2
tʰ,,ə,j,3
tʰ,,ɨə,k,5
tʰ,,ɨə,k,6
tʰ,,ɨə,j,2
tʰ,,ɨə,j,4
tʰ,,ɨə,n,1
tʰ,,ɨə,n,2
tʰ,,ɨə,n,4
tʰ,,ɨə,ŋ,1
tʰ,,ɨə,ŋ,5
tʰ,,ɨə,ŋ,2
tʰ,,ɨə,ŋ,3
tʰ,,ɨə,ŋ,6
tʰ,,ɨə,t,5
tʰ,,ɨə,t,6
t,,i,,1
t,,iə,,1
t,,i,m,1
t,,i,n,1
t,,i,ŋ,1
t,,i,w,1
t,,iə,m,1
t,,iə,n,1
t,,iə,ŋ,1
t,,iə,w,1
t,,iə,k,5
t,,iə,k,6
t,,iə,m,5
t,,iə,m,2
t,,iə,m,3
t,,iə,m,6
t,,iə,n,5
t,,iə,n,2
t,,iə,n,3
t,,iə,n,4
t,,iə,n,6
t,,iə,ŋ,5
t,,iə,ŋ,2
t,,iə,ŋ,3
t,,iə,ŋ,4
t,,iə,p,5
t,,iə,p,6
t,,iə,t,5
t,,iə,t,6
t,,iə,w,5
t,,iə,w,2
t,,iə,w,3
t,,iə,w,4
t,,iə,w,6
t,,ɔ,,1
t,w,aː,,1
t,w,aː,n,1
t,w,aː,ŋ,1
t,w,ɛ,ŋ,1
t,w,ɛ,,1
t,w,ɛ,n,1
t,,ɔ,j,1
t,,ɔ,m,1
t,,ɔ,n,1
t,,ɔ,ŋ,1
t,w,aː,,2
t,w,aː,j,2
t,w,aː,n,2
t,w,aː,ŋ,2
t,w,aː,,5
t,w,aː,k,5
t,w,aː,j,5
t,w,aː,n,5
t,w,aː,ŋ,5
t,w,aː,t,5
t,w,a,j,5
t,w,ɛ,,2
t,w,ɛ,n,2
t,w,ɛ,,5
t,w,ɛ,t,5
t,w,aː,,6
t,w,aː,,3
t,w,ɛ,,3
t,w,ɛ,,4
t,w,aː,k,6
t,w,aː,j,6
t,w,aː,n,6
t,w,aː,n,3
t,w,aː,ŋ,6
t,w,ɛ,t,6
ʈ,,aː,,1
ʈ,,aː,j,1
ʈ,,aː,m,1
ʈ,,aː,n,1
ʈ,,aː,ŋ,1
ʈ,,ɛ,ŋ,1
ʈ,,aː,w,1
ʈ,,a,w,1
ʈ,,a,j,1
ʈ,,ɛ,,1
ʈ,,ɛ,n,1
ʈ,,ɛ,w,1
ʈ,,i,,1
ʈ,,iə,,1
ʈ,,i,ŋ,1
ʈ,,iə,m,1
ʈ,,iə,n,1
ʈ,,iə,ŋ,1
ʈ,,iə,w,1
ʈ,,iə,n,5
ʈ,,iə,n,2
ʈ,,iə,n,3
ʈ,,iə,n,4
ʈ,,iə,n,6
ʈ,,iə,ŋ,2
ʈ,,iə,ŋ,6
ʈ,,iə,t,5
ʈ,,iə,t,6
ʈ,,iə,w,2
ʈ,,iə,w,3
ʈ,,iə,w,6
ʈ,,ɔ,,1
ʈ,,ɔ,j,1
ʈ,,ɔ,n,1
ʈ,,ɔ,ŋ,1
ʈ,w,ɛ,t,6
ʈ,,u,,1
ʈ,,u,j,1
ʈ,,u,m,1
ʈ,,u,n,1
ʈ,,u,ŋ,1
ʈ,w,i,,1
ʈ,w,iə,n,1
ʈ,w,iə,n,5
ʈ,w,iə,n,2
ʈ,w,iə,n,3
ʈ,w,iə,n,6
ʈ,w,iə,t,6
ʈ,w,ə,n,1
ʈ,,uə,ŋ,1
ʈ,w,i,,6
ʈ,w,i,,3
ʈ,,uə,j,2
ʈ,,uə,ŋ,2
ʈ,w,ə,t,5
ʈ,w,ə,t,6
ʈ,,uə,t,5
ʈ,,uə,t,6
ʈ,,aː,,2
ʈ,,aː,j,2
ʈ,,aː,m,2
ʈ,,aː,n,2
ʈ,,aː,ŋ,2
ʈ,,ɛ,ŋ,2
ʈ,,aː,w,2
ʈ,,a,w,2
ʈ,,a,j,2
ʈ,,aː,,5
ʈ,,aː,k,5
ʈ,,ɛ,k,5
ʈ,,aː,j,5
ʈ,,aː,m,5
ʈ,,aː,n,5
ʈ,,aː,ŋ,5
ʈ,,ɛ,ŋ,5
ʈ,,aː,w,5
ʈ,,aː,p,5
ʈ,,aː,t,5
ʈ,,ə,m,1
ʈ,,ə,n,1
ʈ,,ə,ŋ,1
ʈ,,ə,w,1
ʈ,,ə,j,1
ʈ,,aː,,4
ʈ,,aː,j,4
ʈ,,ɛ,,2
ʈ,,ɛ,m,2
ʈ,,ɛ,n,2
ʈ,,ɛ,w,2
ʈ,,ɛ,,5
ʈ,,ɛ,m,5
ʈ,,ɛ,w,5
ʈ,,ɛ,p,5
ʈ,,ɛ,t,5
ʈ,,e,,1
ʈ,,e,n,1
ʈ,,e,w,1
ʈ,,i,,2
ʈ,,i,ŋ,2
ʈ,,i,w,2
ʈ,,i,,5
ʈ,,iə,,5
ʈ,,i,k,5
ʈ,,i,ŋ,5
ʈ,,i,t,5
ʈ,,i,w,5
ʈ,,ɔ,,2
ʈ,,ɔ,j,2
ʈ,,ɔ,m,2
ʈ,,ɔ,n,2
ʈ,,ɔ,ŋ,2
ʈ,,ɔ,,5
ʈ,,ɔ,k,5
ʈ,,ɔ,j,5
ʈ,,ɔ,m,5
ʈ,,ɔ,ŋ,5
ʈ,,ɔ,t,5
ʈ,,o,,1
ʈ,,o,j,1
ʈ,,o,m,1
ʈ,,o,n,1
ʈ,,o,ŋ,1
ʈ,,ɔ,m,4
ʈ,,ɔ,n,4
ʈ,,u,,2
ʈ,,u,j,2
ʈ,,u,m,2
ʈ,,u,n,2
ʈ,,u,ŋ,2
ʈ,,u,,5
ʈ,,u,k,5
ʈ,,u,m,5
ʈ,,u,ŋ,5
ʈ,,u,t,5
ʈ,,i,,4
ʈ,,u,,4
ʈ,,əː,,1
ʈ,,ɨ,,1
ʈ,,aː,,3
ʈ,,ɛ,,6
ʈ,,ɛ,,3
ʈ,,ɛ,,4
ʈ,,e,,2
ʈ,,e,,3
ʈ,,e,,4
ʈ,,e,,6
ʈ,,i,,3
ʈ,,i,,6
ʈ,,ɔ,,6
ʈ,,ɔ,,3
ʈ,,o,,5
ʈ,,o,,2
ʈ,,o,,3
ʈ,,o,,4
ʈ,,o,,6
ʈ,,əː,,5
ʈ,,əː,,2
ʈ,,əː,,3
ʈ,,əː,,6
ʈ,,u,,6
ʈ,,u,,3
ʈ,,ɨ,,5
ʈ,,ɨ,,2
ʈ,,ɨ,,4
ʈ,,ɨ,,6
ʈ,,ɨə,,1
ʈ,,iə,,3
ʈ,,iə,,6
ʈ,,uə,,6
ʈ,,ɨə,,2
ʈ,,aː,k,6
ʈ,,a,k,5
ʈ,,a,k,6
ʈ,,ɔ,k,6
ʈ,,o,k,5
ʈ,,o,k,6
ʈ,,u,k,6
ʈ,,ɨ,k,5
ʈ,,ɨ,k,6
ʈ,,ɛ,k,6
ʈ,,e,k,5
ʈ,,e,k,6
ʈ,,i,k,6
ʈ,,u,j,4
ʈ,,əː,j,1
ʈ,,aː,j,6
ʈ,,aː,j,3
ʈ,,ɔ,j,6
ʈ,,ɔ,j,3
ʈ,,o,j,5
ʈ,,o,j,2
ʈ,,o,j,3
ʈ,,o,j,4
ʈ,,o,j,6
ʈ,,əː,j,5
ʈ,,əː,j,2
ʈ,,əː,j,6
ʈ,,u,j,6
ʈ,,a,m,1
ʈ,,aː,m,6
ʈ,,aː,m,3
ʈ,,ə,m,2
ʈ,,ə,m,3
ʈ,,ə,m,4
ʈ,,ə,m,6
ʈ,,a,m,5
ʈ,,a,m,2
ʈ,,ɛ,m,6
ʈ,,o,m,6
ʈ,,əː,m,2
ʈ,,u,m,6
ʈ,,a,n,1
ʈ,,əː,n,1
ʈ,,aː,n,6
ʈ,,aː,n,3
ʈ,,ə,n,5
ʈ,,ə,n,2
ʈ,,ə,n,3
ʈ,,ə,n,6
ʈ,,a,n,2
ʈ,,a,n,6
ʈ,,ɛ,n,4
ʈ,,e,n,5
ʈ,,e,n,3
ʈ,,ɔ,n,6
ʈ,,o,n,5
ʈ,,o,n,6
ʈ,,əː,n,5
ʈ,,əː,n,2
ʈ,,əː,n,6
ʈ,,u,n,6
ʈ,,a,ŋ,1
ʈ,,u,ŋ,4
ʈ,,ɨ,ŋ,1
ʈ,,aː,ŋ,6
ʈ,,aː,ŋ,3
ʈ,,a,ŋ,5
ʈ,,a,ŋ,2
ʈ,,a,ŋ,3
ʈ,,ɔ,ŋ,6
ʈ,,ɔ,ŋ,3
ʈ,,o,ŋ,5
ʈ,,o,ŋ,2
ʈ,,o,ŋ,3
ʈ,,o,ŋ,6
ʈ,,u,ŋ,6
ʈ,,u,ŋ,3
ʈ,,ɨ,ŋ,5
ʈ,,ɨ,ŋ,2
ʈ,,ɨ,ŋ,3
ʈ,,i,ŋ,4
ʈ,,ɛ,ŋ,6
ʈ,,ɛ,ŋ,3
ʈ,,e,ŋ,5
ʈ,,i,ŋ,6
ʈ,,aː,w,6
ʈ,,aː,w,3
ʈ,,ɛ,w,6
ʈ,,ɛ,w,3
ʈ,,ɛ,w,4
ʈ,,ə,p,5
ʈ,,ə,p,6
ʈ,,əː,p,5
ʈ,,u,p,6
ʈ,,aː,t,6
ʈ,,ə,t,5
ʈ,,ə,t,6
ʈ,,a,t,5
ʈ,,ɛ,t,6
ʈ,,e,t,5
ʈ,,e,t,6
ʈ,,i,t,6
ʈ,,ɔ,t,6
ʈ,,o,t,5
ʈ,,əː,t,5
ʈ,,əː,t,6
ʈ,,u,t,6
ʈ,,i,w,4
ʈ,,a,w,3
ʈ,,ə,w,5
ʈ,,ə,w,2
ʈ,,ə,w,3
ʈ,,e,w,5
ʈ,,e,w,6
ʈ,,ɨ,w,2
ʈ,,a,j,6
ʈ,,a,j,3
ʈ,,ə,j,2
ʈ,,ə,j,3
ʈ,,ɨə,k,5
ʈ,,ɨə,k,6
ʈ,,ɨə,j,1
ʈ,,ɨə,n,2
ʈ,,ɨə,ŋ,1
ʈ,,ɨə,ŋ,5
ʈ,,ɨə,ŋ,2
ʈ,,ɨə,ŋ,3
ʈ,,ɨə,ŋ,4
ʈ,,ɨə,ŋ,6
ʈ,,ɨə,t,6
t,,u,,1
t,,uə,,1
t,,u,j,1
t,,u,m,1
t,,u,n,1
t,,u,ŋ,1
t,w,i,,1
t,w,iə,,1
t,w,i,n,1
t,w,i,ŋ,1
t,w,iə,n,1
t,w,iə,n,5
t,w,iə,n,2
t,w,iə,n,3
t,w,iə,n,4
t,w,iə,n,6
t,w,iə,t,5
t,w,iə,t,6
t,w,ə,n,1
t,,uə,j,1
t,,uə,n,1
t,,uə,ŋ,1
t,w,i,,5
t,w,i,p,5
t,w,i,t,5
t,w,e,,5
t,w,e,,6
t,w,i,,2
t,w,i,,6
t,w,i,,3
t,,uə,k,5
t,,uə,k,6
t,w,e,k,5
t,w,e,k,6
t,,uə,j,5
t,,uə,j,2
t,,uə,j,3
t,w,ə,n,5
t,w,ə,n,2
t,w,ə,n,4
t,w,ə,n,6
t,,uə,n,5
t,,uə,n,2
t,,uə,ŋ,2
t,w,e,ŋ,2
t,w,ə,t,5
t,,uə,t,5
t,,uə,t,6
t,,aː,,2
t,,aː,j,2
t,,aː,m,2
t,,aː,n,2
t,,aː,ŋ,2
t,,ɛ,ŋ,2
t,,aː,w,2
t,,a,w,2
t,,a,j,2
t,,aː,,5
t,,aː,k,5
t,,ɛ,k,5
t,,aː,j,5
t,,aː,m,5
t,,aː,n,5
t,,aː,ŋ,5
t,,ɛ,ŋ,5
t,,aː,w,5
t,,aː,p,5
t,,aː,t,5
t,,a,w,5
t,,a,j,5
t,,ə,m,1
t,,ə,n,1
t,,ə,ŋ,1
t,,ə,w,1
t,,ə,j,1
t,,aː,,4
t,,aː,j,4
t,,aː,ŋ,4
t,,ɛ,,2
t,,ɛ,m,2
t,,ɛ,n,2
t,,ɛ,w,2
t,,ɛ,,5
t,,ɛ,m,5
t,,ɛ,n,5
t,,ɛ,w,5
t,,ɛ,p,5
t,,ɛ,t,5
t,,e,,1
t,,e,m,1
t,,e,n,1
t,,e,ŋ,1
t,,e,w,1
t,,i,,2
t,,iə,,2
t,,i,m,2
t,,i,n,2
t,,i,ŋ,2
t,,i,,5
t,,iə,,5
t,,i,k,5
t,,i,m,5
t,,i,n,5
t,,i,ŋ,5
t,,i,p,5
t,,i,t,5
t,,i,w,5
t,,ɔ,,2
t,,ɔ,j,2
t,,ɔ,m,2
t,,ɔ,n,2
t,,ɔ,ŋ,2
t,,ɔ,,5
t,,ɔ,k,5
t,,ɔ,j,5
t,,ɔ,m,5
t,,ɔ,ŋ,5
t,,ɔ,p,5
t,,ɔ,t,5
t,,o,,1
t,,o,j,1
t,,o,m,1
t,,o,n,1
t,,o,ŋ,1
t,,ɔ,m,4
t,,u,,2
t,,u,m,2
t,,u,ŋ,2
t,,u,j,2
t,,u,,5
t,,uə,,5
t,,u,k,5
t,,u,j,5
t,,u,m,5
t,,u,ŋ,5
t,,u,p,5
t,,u,t,5
t,,i,,4
t,,əː,,1
t,,ɨ,,1
t,,aː,,6
t,,aː,,3
t,,ɛ,,3
t,,ɛ,,4
t,,e,,5
t,,e,,2
t,,e,,3
t,,e,,4
t,,e,,6
t,,i,,3
t,,i,,6
t,,ɔ,,6
t,,ɔ,,3
t,,o,,5
t,,o,,2
t,,o,,3
t,,o,,6
t,,əː,,5
t,,əː,,2
t,,əː,,3
t,,əː,,6
t,,u,,6
t,,u,,3
t,,ɨ,,5
t,,ɨ,,2
t,,ɨ,,3
t,,ɨ,,6
t,,ɨə,,1
t,,iə,,3
t,,uə,,6
t,,uə,,3
t,,ɨə,,5
t,,ɨə,,2
t,,ɨə,,3
t,,ɨə,,6
t,,aː,k,6
t,,ə,k,5
t,,a,k,5
t,,a,k,6
t,,ɛ,k,6
t,,ɔ,k,6
t,,o,k,5
t,,o,k,6
t,,u,k,6
t,,ɨ,k,5
t,,ɨ,k,6
t,,e,k,5
t,,i,k,6
t,,əː,j,1
t,,aː,j,6
t,,aː,j,3
t,,ɔ,j,3
t,,o,j,5
t,,o,j,2
t,,o,j,3
t,,o,j,6
t,,əː,j,5
t,,əː,j,2
t,,əː,j,6
t,,u,j,6
t,,u,j,3
t,,a,m,1
t,,u,m,4
t,,aː,m,6
t,,ə,m,5
t,,ə,m,2
t,,ə,m,3
t,,ə,m,6
t,,a,m,5
t,,a,m,2
t,,ɛ,m,3
t,,i,m,3
t,,ɔ,m,3
t,,o,m,2
t,,əː,m,3
t,,u,m,6
t,,u,m,3
t,,a,n,1
t,,i,n,4
t,,u,n,4
t,,əː,n,1
t,,aː,n,6
t,,aː,n,3
t,,ə,n,5
t,,ə,n,2
t,,ə,n,3
t,,ə,n,6
t,,a,n,5
t,,a,n,2
t,,a,n,3
t,,a,n,6
t,,ɛ,n,4
t,,o,n,5
t,,o,n,2
t,,o,n,3
t,,əː,n,5
t,,əː,n,3
t,,əː,n,6
t,,u,n,3
t,,a,ŋ,1
t,,ɨ,ŋ,1
t,,aː,ŋ,6
t,,aː,ŋ,3
t,,ə,ŋ,5
t,,ə,ŋ,2
t,,a,ŋ,5
t,,a,ŋ,2
t,,a,ŋ,6
t,,ɔ,ŋ,6
t,,ɔ,ŋ,3
t,,o,ŋ,5
t,,o,ŋ,2
t,,o,ŋ,3
t,,o,ŋ,4
t,,u,ŋ,6
t,,u,ŋ,3
t,,ɨ,ŋ,5
t,,ɨ,ŋ,2
t,,ɨ,ŋ,3
t,,i,ŋ,4
t,,ɛ,ŋ,6
t,,e,ŋ,5
t,,e,ŋ,2
t,,e,ŋ,3
t,,e,ŋ,4
t,,i,ŋ,3
t,,i,ŋ,6
t,,aː,w,6
t,,aː,w,3
t,,ɛ,w,6
t,,ɛ,w,3
t,,aː,p,6
t,,ə,p,5
t,,ə,p,6
t,,a,p,5
t,,ɛ,p,6
t,,e,p,5
t,,e,p,6
t,,ɔ,p,6
t,,o,p,5
t,,o,p,6
t,,əː,p,5
t,,əː,p,6
t,,aː,t,6
t,,ə,t,5
t,,ə,t,6
t,,a,t,5
t,,ɛ,t,6
t,,e,t,5
t,,i,t,6
t,,ɔ,t,6
t,,o,t,5
t,,o,t,6
t,,əː,t,5
t,,u,t,6
t,,i,w,4
t,,ɨ,w,1
t,,a,w,6
t,,ə,w,5
t,,ə,w,2
t,,ə,w,3
t,,ə,w,6
t,,e,w,5
t,,e,w,2
t,,e,w,4
t,,i,w,3
t,,i,w,6
t,,ɨ,w,3
t,,ɨ,w,6
t,,a,j,3
t,,ə,j,5
t,,ə,j,2
t,,ə,j,3
t,,ɨə,k,5
t,,ɨə,k,6
t,,ɨə,j,1
t,,ɨə,j,5
t,,ɨə,j,3
t,,ɨə,m,1
t,,ɨə,m,2
t,,ɨə,n,5
t,,ɨə,ŋ,1
t,,ɨə,ŋ,5
t,,ɨə,ŋ,2
t,,ɨə,ŋ,3
t,,ɨə,ŋ,6
t,,ɨə,p,5
t,,ɨə,p,6
t,,ɨə,t,5
t,,ɨə,t,6
t,,ɨə,w,2
ʔ,,u,,1
ʔ,,uə,,1
ʔ,,u,j,1
ʔ,,u,m,1
ʔ,,u,n,1
ʔ,,u,ŋ,1
w,,i,,1
w,,i,n,1
w,,iə,n,1
w,,iə,n,3
w,,ə,n,1
ʔ,,uə,m,1
ʔ,,uə,n,1
ʔ,,uə,ŋ,1
w,,i,,5
w,,i,ŋ,5
w,,e,,5
w,,e,,3
ʔ,,uə,,3
w,,i,,3
w,,i,k,6
w,,ə,n,3
ʔ,,uə,n,5
ʔ,,uə,ŋ,5
ʔ,,uə,ŋ,3
ʔ,,uə,ŋ,6
w,,i,ŋ,2
w,,ə,t,5
ʔ,,uə,t,6
w,,ə,j,2
w,,ə,j,3
v,,aː,,1
v,,aː,j,1
v,,aː,m,1
v,,aː,n,1
v,,aː,ŋ,1
v,,ɛ,ŋ,1
v,,aː,w,1
v,,a,j,1
v,,ɛ,,1
v,,ɛ,n,1
v,,ɛ,w,1
v,,i,,1
v,,iə,,1
v,,i,m,1
v,,i,n,1
v,,i,ŋ,1
v,,iə,m,1
v,,iə,n,1
v,,iə,ŋ,1
v,,iə,k,6
v,,iə,m,3
v,,iə,n,2
v,,iə,n,3
v,,iə,n,4
v,,iə,n,6
v,,iə,ŋ,5
v,,iə,ŋ,2
v,,iə,t,5
v,,iə,t,6
v,,ɔ,,1
v,w,aː,,1
v,w,aː,n,1
v,,ɔ,j,1
v,,ɔ,m,1
v,,ɔ,n,1
v,,ɔ,ŋ,1
v,,u,,1
v,,uə,,1
v,,u,j,1
v,,u,n,1
v,,u,ŋ,1
v,,uə,ŋ,1
v,,uə,t,5
v,,uə,t,6
v,,aː,,2
v,,aː,j,2
v,,aː,m,2
v,,aː,n,2
v,,aː,ŋ,2
v,,ɛ,ŋ,2
v,,aː,w,2
v,,a,j,2
v,,aː,,5
v,,aː,k,5
v,,ɛ,k,5
v,,aː,j,5
v,,aː,n,5
v,,aː,ŋ,5
v,,ɛ,ŋ,5
v,,aː,w,5
v,,aː,p,5
v,,aː,t,5
v,,a,j,5
v,,ə,m,1
v,,ə,n,1
v,,ə,ŋ,1
v,,ə,j,1
v,,aː,,4
v,,aː,j,4
v,,aː,n,4
v,,aː,ŋ,4
v,,ɛ,ŋ,4
v,,ɛ,,2
v,,ɛ,n,2
v,,ɛ,w,2
v,,ɛ,,5
v,,ɛ,n,5
v,,ɛ,w,5
v,,ɛ,t,5
v,,e,,1
v,,e,n,1
v,,e,ŋ,1
v,,e,w,1
v,,i,,2
v,,i,ŋ,2
v,,i,,5
v,,iə,,5
v,,i,k,5
v,,i,ŋ,5
v,,i,t,5
v,,i,w,5
v,,ɔ,,2
v,,ɔ,j,2
v,,ɔ,m,2
v,,ɔ,n,2
v,,ɔ,ŋ,2
v,,ɔ,,5
v,,ɔ,k,5
v,,ɔ,j,5
v,,ɔ,n,5
v,,ɔ,ŋ,5
v,,ɔ,t,5
v,,o,,1
v,,o,j,1
v,,o,n,1
v,,o,ŋ,1
v,,ɔ,,4
v,,ɔ,ŋ,4
v,,u,,2
v,,uə,,2
v,,u,j,2
v,,u,n,2
v,,u,ŋ,2
v,,u,,5
v,,u,k,5
v,,u,t,5
v,,i,,4
v,,u,,4
v,,əː,,1
v,,ɨ,,1
v,,aː,,6
v,,aː,,3
v,,ɛ,,3
v,,ɛ,,4
v,,e,,5
v,,e,,2
v,,e,,3
v,,e,,6
v,,i,,3
v,,i,,6
v,,ɔ,,6
v,,ɔ,,3
v,,o,,5
v,,o,,2
v,,o,,3
v,,o,,4
v,,əː,,5
v,,əː,,2
v,,əː,,3
v,,əː,,4
v,,əː,,6
v,,u,,6
v,,u,,3
v,,ɨ,,2
v,,ɨ,,6
v,,iə,,3
v,,ɨə,,2
v,,ɨə,,3
v,,ɨə,,4
v,,ɨə,,6
v,,aː,k,6
v,,a,k,5
v,,a,k,6
v,,ɛ,k,6
v,,ɔ,k,6
v,,o,k,5
v,,u,k,6
v,,ɨ,k,5
v,,ɨ,k,6
v,,e,k,5
v,,əː,j,1
v,,aː,j,6
v,,aː,j,3
v,,ɔ,j,6
v,,o,j,5
v,,o,j,2
v,,o,j,6
v,,əː,j,5
v,,əː,j,2
v,,əː,j,3
v,,əː,j,6
v,,u,m,4
v,,aː,m,6
v,,ə,m,6
v,,a,m,2
v,,ɛ,m,6
v,,i,m,6
v,,o,m,2
v,,a,n,1
v,,əː,n,1
v,,aː,n,6
v,,ə,n,5
v,,ə,n,2
v,,ə,n,3
v,,ə,n,4
v,,ə,n,6
v,,a,n,5
v,,a,n,2
v,,a,n,3
v,,a,n,6
v,,ɛ,n,6
v,,ɛ,n,3
v,,e,n,2
v,,e,n,6
v,,i,n,6
v,,ɔ,n,6
v,,ɔ,n,3
v,,o,n,5
v,,o,n,2
v,,əː,n,2
v,,əː,n,3
v,,u,n,6
v,,u,n,3
v,,a,ŋ,1
v,,u,ŋ,4
v,,ɨ,ŋ,1
v,,aː,ŋ,6
v,,aː,ŋ,3
v,,ə,ŋ,2
v,,a,ŋ,5
v,,a,ŋ,2
v,,a,ŋ,3
v,,ɔ,ŋ,6
v,,ɔ,ŋ,3
v,,o,ŋ,5
v,,o,ŋ,2
v,,o,ŋ,3
v,,u,ŋ,6
v,,ɨ,ŋ,2
v,,ɨ,ŋ,3
v,,ɨ,ŋ,4
v,,ɨ,ŋ,6
v,,i,ŋ,4
v,,ɛ,ŋ,6
v,,ɛ,ŋ,3
v,,e,ŋ,3
v,,e,ŋ,6
v,,i,ŋ,6
v,,aː,w,3
v,,ɛ,w,6
v,,ɛ,w,3
v,,aː,p,6
v,,ə,p,5
v,,ə,p,6
v,,a,p,5
v,,ɔ,p,6
v,,aː,t,6
v,,ə,t,5
v,,ə,t,6
v,,a,t,5
v,,a,t,6
v,,ɛ,t,6
v,,e,t,5
v,,e,t,6
v,,i,t,6
v,,ɔ,t,6
v,,əː,t,5
v,,əː,t,6
v,,u,t,6
v,,ɨ,t,5
v,,ɨ,w,1
v,,ə,w,5
v,,ə,w,2
v,,ə,w,3
v,,e,w,5
v,,e,w,2
v,,a,j,6
v,,a,j,3
v,,ə,j,5
v,,ə,j,2
v,,ə,j,3
v,,ə,j,4
v,,ə,j,6
v,,ɨə,k,6
v,,ɨə,n,1
v,,ɨə,n,2
v,,ɨə,n,6
v,,ɨə,ŋ,1
v,,ɨə,ŋ,5
v,,ɨə,ŋ,2
v,,ɨə,ŋ,3
v,,ɨə,ŋ,6
v,,ɨə,t,6
s,,aː,,1
s,,aː,j,1
s,,aː,m,1
s,,aː,n,1
s,,aː,ŋ,1
s,,ɛ,ŋ,1
s,,aː,w,1
s,,a,j,1
s,,ɛ,,1
s,,ɛ,m,1
s,,ɛ,n,1
s,,ɛ,w,1
s,,i,,1
s,,iə,,1
s,,i,m,1
s,,i,n,1
s,,i,ŋ,1
s,,i,w,1
s,,iə,m,1
s,,iə,n,1
s,,iə,ŋ,1
s,,iə,w,1
s,,iə,k,5
s,,iə,k,6
s,,iə,m,3
s,,iə,n,3
s,,iə,ŋ,2
s,,iə,ŋ,3
s,,iə,t,5
s,,iə,w,5
s,,iə,w,2
s,,ɔ,,1
s,w,aː,,1
s,w,aː,j,1
s,w,aː,n,1
s,w,aː,ŋ,1
s,w,ɛ,ŋ,1
s,w,a,j,1
s,w,ɛ,,1
s,w,ɛ,n,1
s,,ɔ,j,1
s,,ɔ,m,1
s,,ɔ,n,1
s,,ɔ,ŋ,1
s,w,aː,,2
s,w,aː,j,2
s,w,aː,m,2
s,w,aː,n,2
s,w,aː,ŋ,2
s,w,ɛ,ŋ,2
s,w,aː,,5
s,w,aː,k,5
s,w,aː,t,5
s,w,a,j,5
s,w,aː,,4
s,w,ɛ,,2
s,w,ɛ,n,2
s,w,ɛ,t,5
s,w,aː,,3
s,w,ɛ,,6
s,w,aː,k,6
s,w,ɛ,k,6
s,w,aː,j,3
s,w,a,n,1
s,w,a,n,5
s,w,a,n,3
s,w,aː,ŋ,6
s,w,aː,ŋ,3
s,w,ɛ,ŋ,3
s,w,aː,t,6
s,w,ɛ,t,6
s,,u,,1
s,,uə,,1
s,,u,j,1
s,,u,m,1
s,,u,n,1
s,,u,ŋ,1
s,w,i,,1
s,w,iə,,1
s,w,i,ŋ,1
s,w,iə,n,1
s,w,iə,n,5
s,w,iə,n,2
s,w,iə,t,5
s,w,iə,t,6
s,w,ə,n,1
s,w,ə,j,1
s,w,e,,1
s,,uə,j,1
s,,uə,ŋ,1
s,w,i,,5
s,w,i,t,5
s,w,e,,2
s,w,e,,3
s,w,i,,2
s,w,e,k,6
s,,uə,m,6
s,w,ə,n,5
s,w,ə,n,3
s,,uə,ŋ,5
s,,uə,ŋ,2
s,,uə,ŋ,3
s,w,e,ŋ,2
s,w,ə,t,5
s,,uə,t,5
s,w,i,t,6
s,,aː,,2
s,,aː,j,2
s,,aː,m,2
s,,aː,ŋ,2
s,,ɛ,ŋ,2
s,,aː,w,2
s,,a,w,2
s,,aː,,5
s,,aː,k,5
s,,ɛ,k,5
s,,aː,j,5
s,,aː,m,5
s,,aː,n,5
s,,aː,ŋ,5
s,,aː,w,5
s,,aː,p,5
s,,aː,t,5
s,,a,w,5
s,,a,j,5
s,,ə,m,1
s,,ə,n,1
s,,ə,w,1
s,,ə,j,1
s,,aː,,4
s,,ɛ,,2
s,,ɛ,n,2
s,,ɛ,w,2
s,,ɛ,,5
s,,ɛ,m,5
s,,ɛ,n,5
s,,ɛ,w,5
s,,ɛ,p,5
s,,ɛ,t,5
s,,e,,1
s,,e,m,1
s,,e,n,1
s,,e,ŋ,1
s,,e,w,1
s,,i,,2
s,,iə,,2
s,,i,n,2
s,,i,ŋ,2
s,,i,w,2
s,,i,,5
s,,iə,,5
s,,i,k,5
s,,i,n,5
s,,i,ŋ,5
s,,i,t,5
s,,i,w,5
s,,ɔ,m,2
s,,ɔ,ŋ,2
s,,ɔ,,5
s,,ɔ,k,5
s,,ɔ,j,5
s,,ɔ,m,5
s,,ɔ,n,5
s,,ɔ,ŋ,5
s,,ɔ,p,5
s,,ɔ,t,5
s,,o,,1
s,,o,j,1
s,,o,m,1
s,,o,n,1
s,,o,ŋ,1
s,,ɔ,m,4
s,,ɔ,ŋ,4
s,,u,,2
s,,uə,,2
s,,u,j,2
s,,u,m,2
s,,u,ŋ,2
s,,u,,5
s,,uə,,5
s,,u,k,5
s,,u,j,5
s,,u,m,5
s,,u,ŋ,5
s,,u,p,5
s,,u,t,5
s,,u,,4
s,,əː,,1
s,,ɨ,,1
s,,aː,,6
s,,aː,,3
s,,ɛ,,6
s,,ɛ,,3
s,,e,,5
s,,e,,2
s,,e,,3
s,,e,,6
s,,i,,3
s,,i,,6
s,,ɔ,,6
s,,ɔ,,3
s,,o,,5
s,,o,,2
s,,o,,3
s,,o,,6
s,,əː,,5
s,,əː,,2
s,,əː,,3
s,,əː,,4
s,,u,,6
s,,u,,3
s,,ɨ,,5
s,,ɨ,,2
s,,ɨ,,3
s,,ɨ,,6
s,,ɨə,,1
s,,iə,,3
s,,ɨə,,3
s,,aː,k,6
s,,ə,k,5
s,,a,k,5
s,,ɛ,k,6
s,,ɔ,k,6
s,,o,k,5
s,,o,k,6
s,,u,k,6
s,,ɨ,k,5
s,,ɨ,k,6
s,,e,k,5
s,,e,k,6
s,,i,k,6
s,,əː,j,1
s,,aː,j,3
s,,o,j,5
s,,o,j,3
s,,əː,j,5
s,,əː,j,3
s,,u,j,6
s,,a,m,1
s,,əː,m,1
s,,aː,m,6
s,,aː,m,3
s,,ə,m,2
s,,ə,m,3
s,,ə,m,6
s,,a,m,5
s,,e,m,2
s,,o,m,5
s,,o,m,2
s,,o,m,3
s,,əː,m,2
s,,a,n,1
s,,əː,n,1
s,,aː,n,3
s,,ə,n,3
s,,a,n,5
s,,ɛ,n,3
s,,e,n,6
s,,i,n,3
s,,i,n,6
s,,ɔ,n,3
s,,o,n,5
s,,o,n,2
s,,o,n,3
s,,o,n,6
s,,əː,n,5
s,,əː,n,3
s,,u,n,3
s,,a,ŋ,1
s,,ɨ,ŋ,1
s,,a,ŋ,5
s,,a,ŋ,2
s,,a,ŋ,4
s,,ɛ,ŋ,3
s,,ɔ,ŋ,3
s,,o,ŋ,5
s,,o,ŋ,2
s,,o,ŋ,3
s,,u,ŋ,6
s,,u,ŋ,3
s,,ɨ,ŋ,5
s,,ɨ,ŋ,2
s,,ɨ,ŋ,3
s,,ɨ,ŋ,4
s,,ɨ,ŋ,6
s,,i,ŋ,4
s,,e,ŋ,5
s,,e,ŋ,2
s,,e,ŋ,3
s,,i,ŋ,3
s,,aː,w,6
s,,aː,w,3
s,,ɛ,w,6
s,,ɛ,w,3
s,,ɛ,w,4
s,,aː,p,6
s,,ə,p,5
s,,ə,p,6
s,,a,p,5
s,,ɛ,p,6
s,,e,p,5
s,,e,p,6
s,,ɔ,p,6
s,,o,p,5
s,,o,p,6
s,,əː,p,5
s,,əː,p,6
s,,u,p,6
s,,a,t,5
s,,ɛ,t,6
s,,e,t,6
s,,i,t,6
s,,o,t,5
s,,əː,t,5
s,,əː,t,6
s,,u,t,6
s,,a,w,6
s,,a,w,3
s,,ə,w,5
s,,ə,w,2
s,,ə,w,3
s,,e,w,2
s,,e,w,6
s,,i,w,3
s,,i,w,6
s,,a,j,3
s,,ə,j,3
s,,ə,j,6
s,,ɨə,k,5
s,,ɨə,k,6
s,,ɨə,j,2
s,,ɨə,j,6
s,,ɨə,n,2
s,,ɨə,ŋ,1
s,,ɨə,ŋ,5
s,,ɨə,ŋ,2
s,,ɨə,ŋ,3
s,,ɨə,t,5
s,,ɨə,t,6
ʔ,,i,,1
ʔ,,iə,m,1
ʔ,,iə,n,1
ʔ,,iə,ŋ,1
ʔ,,iə,w,1
ʔ,,iə,m,5
ʔ,,iə,m,3
ʔ,,iə,n,5
ʔ,,iə,ŋ,3
ʔ,,iə,t,5
ʔ,,iə,w,5
ʔ,,iə,w,2
ʔ,,iə,w,3
ʔ,,aː,,2
ʔ,,aː,m,2
ʔ,,aː,n,2
ʔ,,aː,ŋ,2
ʔ,,ɛ,ŋ,2
ʔ,,aː,w,2
ʔ,,aː,,5
ʔ,,aː,k,5
ʔ,,ɛ,k,5
ʔ,,aː,j,5
ʔ,,aː,m,5
ʔ,,aː,n,5
ʔ,,aː,ŋ,5
ʔ,,ɛ,ŋ,5
ʔ,,aː,w,5
ʔ,,aː,p,5
ʔ,,aː,t,5
ʔ,,a,j,5
ʔ,,ə,,1
ʔ,,ə,m,1
ʔ,,ə,n,1
ʔ,,ə,ŋ,1
ʔ,,ə,w,1
ʔ,,ə,j,1
ʔ,,aː,,4
ʔ,,ɛ,,2
ʔ,,ɛ,w,2
ʔ,,ɛ,,5
ʔ,,ɛ,m,5
ʔ,,ɛ,n,5
ʔ,,ɛ,w,5
ʔ,,ɛ,p,5
ʔ,,ɛ,t,5
ʔ,,e,,1
ʔ,,e,m,1
ʔ,,e,n,1
ʔ,,e,w,1
ʔ,,i,,2
ʔ,,i,n,2
ʔ,,i,ŋ,2
ʔ,,i,,5
ʔ,,iə,,5
ʔ,,i,k,5
ʔ,,i,n,5
ʔ,,i,t,5
ʔ,,ɔ,,2
ʔ,,ɔ,j,2
ʔ,,ɔ,m,2
ʔ,,ɔ,n,2
ʔ,,ɔ,ŋ,2
ʔ,,ɔ,,5
ʔ,,ɔ,k,5
ʔ,,ɔ,j,5
ʔ,,ɔ,n,5
ʔ,,ɔ,ŋ,5
ʔ,,ɔ,p,5
ʔ,,ɔ,t,5
ʔ,,o,,1
ʔ,,o,j,1
ʔ,,o,m,1
ʔ,,o,n,1
ʔ,,o,ŋ,1
ʔ,,ɔ,n,4
ʔ,,ɔ,ŋ,4
ʔ,,u,,2
ʔ,,uə,,2
ʔ,,u,m,2
ʔ,,u,n,2
ʔ,,u,ŋ,2
ʔ,,u,,5
ʔ,,uə,,5
ʔ,,u,k,5
ʔ,,u,j,5
ʔ,,u,m,5
ʔ,,u,n,5
ʔ,,u,ŋ,5
ʔ,,u,p,5
ʔ,,u,t,5
ʔ,,a,,1
ʔ,,i,,4
ʔ,,əː,,1
ʔ,,ɨ,,1
ʔ,,aː,,6
ʔ,,aː,,3
ʔ,,ɛ,,6
ʔ,,e,,5
ʔ,,e,,2
ʔ,,e,,6
ʔ,,i,,3
ʔ,,i,,6
ʔ,,ɔ,,6
ʔ,,ɔ,,3
ʔ,,o,,5
ʔ,,o,,2
ʔ,,o,,3
ʔ,,o,,6
ʔ,,əː,,5
ʔ,,əː,,2
ʔ,,əː,,3
ʔ,,əː,,6
ʔ,,u,,6
ʔ,,u,,3
ʔ,,ɨ,,5
ʔ,,ɨ,,2
ʔ,,ɨ,,3
ʔ,,ɨ,,6
ɗ,,aː,,1
ʔ,,ɨə,,1
ʔ,,iə,,3
ʔ,,uə,,6
ʔ,,ɨə,,5
ʔ,,ɨə,,2
ʔ,,ɨə,,6
ɗ,,aː,j,1
ɗ,,aː,m,1
ɗ,,aː,n,1
ɗ,,aː,ŋ,1
ɗ,,ɛ,ŋ,1
ɗ,,aː,w,1
ɗ,,a,w,1
ɗ,,a,j,1
ʔ,,ə,k,6
ʔ,,a,k,5
ʔ,,a,k,6
ʔ,,ɛ,k,6
ʔ,,ɔ,k,6
ʔ,,o,k,5
ʔ,,o,k,6
ʔ,,u,k,6
ʔ,,ɨ,k,5
ʔ,,ɨ,k,6
ʔ,,e,k,5
ʔ,,e,k,6
ʔ,,i,k,6
ɗ,,ɛ,,1
ɗ,,ɛ,m,1
ɗ,,ɛ,n,1
ɗ,,ɛ,w,1
ɗ,,i,,1
ʔ,,əː,j,1
ʔ,,aː,j,6
ʔ,,aː,j,3
ʔ,,ɔ,j,6
ʔ,,ɔ,j,3
ʔ,,o,j,5
ʔ,,o,j,2
ʔ,,o,j,3
ʔ,,əː,j,5
ʔ,,əː,j,2
ʔ,,əː,j,6
ʔ,,u,j,3
ɗ,,iə,,1
ɗ,,i,n,1
ɗ,,i,ŋ,1
ɗ,,i,w,1
ɗ,,iə,m,1
ɗ,,iə,n,1
ɗ,,iə,ŋ,1
ɗ,,iə,w,1
ɗ,,iə,k,5
ɗ,,iə,m,5
ɗ,,iə,m,2
ɗ,,iə,m,3
ɗ,,iə,m,6
ɗ,,iə,n,5
ɗ,,iə,n,2
ɗ,,iə,n,3
ɗ,,iə,n,4
ɗ,,iə,n,6
ɗ,,iə,ŋ,5
ɗ,,iə,p,5
ɗ,,iə,p,6
ɗ,,iə,w,5
ɗ,,iə,w,2
ɗ,,iə,w,3
ɗ,,iə,w,6
ʔ,,a,m,1
ʔ,,əː,m,1
ʔ,,aː,m,3
ʔ,,ə,m,5
ʔ,,ə,m,2
ʔ,,ə,m,3
ʔ,,ə,m,4
ʔ,,ə,m,6
ʔ,,a,m,4
ʔ,,ɛ,m,3
ʔ,,e,m,5
ʔ,,i,m,3
ʔ,,ɔ,m,3
ʔ,,o,m,5
ʔ,,o,m,2
ʔ,,o,m,3
ʔ,,əː,m,5
ʔ,,əː,m,4
ʔ,,a,n,1
ʔ,,əː,n,1
ʔ,,aː,n,3
ʔ,,ə,n,5
ʔ,,ə,n,2
ʔ,,ə,n,3
ʔ,,ɛ,n,3
ʔ,,e,n,3
ʔ,,e,n,6
ʔ,,i,n,3
ʔ,,i,n,6
ʔ,,ɔ,n,3
ʔ,,o,n,2
ʔ,,o,n,3
ʔ,,o,n,6
ʔ,,əː,n,5
ʔ,,əː,n,2
ʔ,,əː,n,3
ʔ,,u,n,3
ʔ,,a,ŋ,1
ʔ,,ɨ,ŋ,1
ʔ,,aː,ŋ,3
ʔ,,ə,ŋ,2
ʔ,,ə,ŋ,3
ʔ,,a,ŋ,5
ʔ,,a,ŋ,2
ʔ,,a,ŋ,3
ʔ,,e,ŋ,4
ʔ,,ɔ,ŋ,3
ʔ,,o,ŋ,5
ʔ,,o,ŋ,2
ʔ,,o,ŋ,3
ʔ,,u,ŋ,3
ʔ,,ɨ,ŋ,5
ʔ,,ɨ,ŋ,2
ʔ,,ɨ,ŋ,3
ʔ,,i,ŋ,4
ʔ,,ɛ,ŋ,6
ʔ,,ɛ,ŋ,3
ʔ,,e,ŋ,2
ʔ,,e,ŋ,6
ɗ,,ɔ,,1
ʔ,,aː,w,6
ʔ,,aː,w,3
ʔ,,ɛ,w,6
ʔ,,ɛ,w,3
ʔ,,ɛ,w,4
ɗ,w,aː,,1
ɗ,w,aː,n,1
ɗ,w,ɛ,ŋ,1
ɗ,,ɔ,j,1
ɗ,,ɔ,m,1
ɗ,,ɔ,n,1
ɗ,,ɔ,ŋ,1
ɗ,w,aː,,2
ɗ,w,aː,j,2
ɗ,w,aː,n,2
ɗ,w,aː,ŋ,2
ɗ,w,ɛ,ŋ,2
ɗ,w,aː,,5
ɗ,w,aː,k,5
ɗ,w,aː,j,5
ɗ,w,aː,n,5
ɗ,w,aː,ŋ,4
ɗ,w,aː,,6
ɗ,w,aː,n,6
ɗ,w,aː,n,3
ɗ,w,aː,ŋ,3
ɗ,w,aː,t,6
ʔ,,ə,p,5
ʔ,,ə,p,6
ʔ,,a,p,5
ʔ,,a,p,6
ʔ,,ɛ,p,6
ʔ,,e,p,5
ʔ,,e,p,6
ʔ,,ɔ,p,6
ʔ,,o,p,5
ʔ,,o,p,6
ʔ,,u,p,6
ʔ,,aː,t,6
ʔ,,ə,t,5
ʔ,,a,t,5
ʔ,,ɛ,t,6
ʔ,,e,t,5
ʔ,,e,t,6
ʔ,,i,t,6
ʔ,,ɔ,t,6
ʔ,,o,t,5
ʔ,,əː,t,5
ʔ,,əː,t,6
ʔ,,u,t,6
ɗ,,u,,1
ʔ,,ɨ,w,1
ʔ,,ə,w,5
ʔ,,ə,w,2
ʔ,,ə,w,3
ʔ,,ə,w,6
ʔ,,i,w,3
ɗ,,uə,,1
ɗ,,u,j,1
ɗ,,u,m,1
ɗ,,u,n,1
ɗ,,u,ŋ,1
ɗ,,uə,j,1
ɗ,,uə,n,1
ɗ,,uə,ŋ,1
ɗ,w,e,,2
ɗ,,uə,k,5
ɗ,,uə,j,5
ɗ,,uə,j,3
ɗ,,uə,n,2
ɗ,,uə,n,4
ɗ,,uə,ŋ,5
ɗ,,uə,ŋ,2
ɗ,w,e,ŋ,2
ɗ,w,e,ŋ,3
ɗ,w,e,ŋ,4
ɗ,,uə,t,6
ʔ,,ə,j,5
ʔ,,ə,j,2
ʔ,,ə,j,3
ɗ,,aː,,2
ɗ,,aː,j,2
ɗ,,aː,m,2
ɗ,,aː,n,2
ɗ,,aː,ŋ,2
ɗ,,ɛ,ŋ,2
ɗ,,aː,w,2
ɗ,,a,w,2
ɗ,,a,j,2
ɗ,,aː,,5
ɗ,,aː,k,5
ɗ,,ɛ,k,5
ɗ,,aː,j,5
ɗ,,aː,m,5
ɗ,,aː,n,5
ɗ,,aː,ŋ,5
ɗ,,ɛ,ŋ,5
ɗ,,aː,w,5
ɗ,,aː,p,5
ɗ,,aː,t,5
ɗ,,a,w,5
ɗ,,a,j,5
ɗ,,ə,m,1
ɗ,,ə,n,1
ɗ,,ə,w,1
ɗ,,ə,j,1
ɗ,,aː,,4
ɗ,,aː,j,4
ɗ,,aː,ŋ,4
ɗ,,a,j,4
ɗ,,ɛ,,2
ɗ,,ɛ,m,2
ɗ,,ɛ,n,2
ɗ,,ɛ,w,2
ɗ,,ɛ,,5
ɗ,,ɛ,m,5
ɗ,,ɛ,n,5
ɗ,,ɛ,w,5
ɗ,,ɛ,t,5
ɗ,,e,,1
ɗ,,e,m,1
ɗ,,e,n,1
ɗ,,e,ŋ,1
ɗ,,e,w,1
ɗ,,i,,2
ɗ,,iə,,2
ɗ,,i,n,2
ɗ,,i,ŋ,2
ɗ,,i,w,2
ɗ,,i,,5
ɗ,,iə,,5
ɗ,,i,k,5
ɗ,,i,ŋ,5
ɗ,,i,p,5
ɗ,,i,t,5
ɗ,,ɔ,,2
ɗ,,ɔ,j,2
ɗ,,ɔ,m,2
ɗ,,ɔ,n,2
ɗ,,ɔ,ŋ,2
ɗ,,ɔ,,5
ɗ,,ɔ,k,5
ɗ,,ɔ,j,5
ɗ,,ɔ,m,5
ɗ,,ɔ,n,5
ɗ,,ɔ,ŋ,5
ɗ,,ɔ,p,5
ɗ,,ɔ,t,5
ɗ,,o,,1
ɗ,,o,j,1
ɗ,,o,m,1
ɗ,,o,n,1
ɗ,,o,ŋ,1
ɗ,,ɔ,,4
ɗ,,u,,2
ɗ,,uə,,2
ɗ,,u,j,2
ɗ,,u,m,2
ɗ,,u,n,2
ɗ,,u,ŋ,2
ɗ,,u,,5
ɗ,,uə,,5
ɗ,,u,k,5
ɗ,,u,m,5
ɗ,,u,n,5
ɗ,,u,ŋ,5
ɗ,,u,p,5
ɗ,,u,t,5
ɗ,,i,,4
ɗ,,əː,,1
ɗ,,ɨ,,1
ɗ,,aː,,6
ɗ,,aː,,3
ɗ,,ɛ,,3
ɗ,,ɛ,,4
ɗ,,e,,5
ɗ,,e,,2
ɗ,,e,,3
ɗ,,e,,4
ɗ,,e,,6
ɗ,,i,,6
ɗ,,ɔ,,6
ɗ,,ɔ,,3
ɗ,,o,,5
ɗ,,o,,2
ɗ,,o,,3
ɗ,,o,,4
ɗ,,o,,6
ɗ,,əː,,5
ɗ,,əː,,2
ɗ,,əː,,3
ɗ,,əː,,4
ɗ,,əː,,6
ɗ,,u,,6
ɗ,,u,,3
ɗ,,ɨ,,5
ɗ,,ɨ,,2
ɗ,,ɨ,,3
ɗ,,ɨ,,6
ɗ,,iə,,4
ɗ,,uə,,4
ɗ,,ɨə,,1
ɗ,,iə,,3
ɗ,,iə,,6
ɗ,,ɨə,,5
ɗ,,ɨə,,2
ɗ,,ɨə,,6
ɗ,,aː,k,6
ɗ,,a,k,5
ɗ,,a,k,6
ɗ,,ɔ,k,6
ɗ,,o,k,5
ɗ,,o,k,6
ɗ,,u,k,6
ɗ,,ɨ,k,5
ɗ,,ɨ,k,6
ʔ,,ɨə,k,5
ʔ,,ɨə,k,6
ɗ,,ɛ,k,6
ɗ,,e,k,5
ɗ,,i,k,6
ɗ,,u,j,4
ɗ,,aː,j,6
ɗ,,ɔ,j,6
ɗ,,ɔ,j,3
ɗ,,o,j,5
ɗ,,o,j,2
ɗ,,o,j,3
ɗ,,o,j,4
ɗ,,o,j,6
ɗ,,əː,j,5
ɗ,,əː,j,2
ɗ,,əː,j,6
ɗ,,u,j,6
ɗ,,u,j,3
ʔ,,ɨə,j,1
ʔ,,ɨə,j,2
ɗ,,a,m,1
ɗ,,əː,m,1
ɗ,,aː,m,6
ɗ,,aː,m,3
ɗ,,ə,m,5
ɗ,,ə,m,2
ɗ,,ə,m,3
ɗ,,ə,m,4
ɗ,,ə,m,6
ɗ,,a,m,5
ɗ,,a,m,2
ɗ,,a,m,4
ɗ,,a,m,6
ɗ,,e,m,5
ɗ,,e,m,2
ɗ,,e,m,3
ɗ,,e,m,6
ɗ,,ɔ,m,3
ɗ,,o,m,5
ɗ,,o,m,2
ɗ,,o,m,3
ɗ,,əː,m,2
ɗ,,əː,m,3
ʔ,,ɨə,m,1
ʔ,,ɨə,m,5
ɗ,,əː,n,1
ɗ,,aː,n,6
ɗ,,aː,n,3
ɗ,,ə,n,2
ɗ,,ə,n,4
ɗ,,ə,n,6
ɗ,,a,n,5
ɗ,,a,n,2
ɗ,,a,n,4
ɗ,,a,n,6
ɗ,,ɛ,n,6
ɗ,,ɛ,n,3
ɗ,,e,n,5
ɗ,,e,n,2
ɗ,,e,n,3
ɗ,,e,n,4
ɗ,,ɔ,n,6
ɗ,,o,n,5
ɗ,,o,n,2
ɗ,,o,n,6
ɗ,,əː,n,5
ɗ,,əː,n,2
ɗ,,əː,n,3
ɗ,,əː,n,6
ɗ,,u,n,6
ʔ,,ɨə,n,1
ʔ,,ɨə,n,2
ʔ,,ɨə,n,4
ɗ,,a,ŋ,1
ɗ,,u,ŋ,4
ɗ,,ɨ,ŋ,1
ɗ,,aː,ŋ,6
ɗ,,aː,ŋ,3
ɗ,,ə,ŋ,5
ɗ,,a,ŋ,5
ɗ,,a,ŋ,2
ɗ,,a,ŋ,3
ɗ,,a,ŋ,4
ɗ,,a,ŋ,6
ɗ,,ɔ,ŋ,6
ɗ,,ɔ,ŋ,3
ɗ,,o,ŋ,5
ɗ,,o,ŋ,2
ɗ,,o,ŋ,3
ɗ,,o,ŋ,6
ɗ,,u,ŋ,6
ɗ,,u,ŋ,3
ɗ,,ɨ,ŋ,5
ɗ,,ɨ,ŋ,2
ɗ,,ɨ,ŋ,6
ʔ,,ɨə,ŋ,1
ʔ,,ɨə,ŋ,5
ʔ,,ɨə,ŋ,2
ʔ,,ɨə,ŋ,3
ʔ,,ɨə,ŋ,6
ɗ,,i,ŋ,4
ɗ,,ɛ,ŋ,3
ɗ,,e,ŋ,2
ɗ,,e,ŋ,3
ɗ,,e,ŋ,4
ɗ,,i,ŋ,3
ɗ,,i,ŋ,6
ɗ,,aː,w,6
ɗ,,aː,w,3
ɗ,,ɛ,w,4
ɗ,,aː,p,6
ɗ,,ə,p,6
ɗ,,a,p,5
ɗ,,a,p,6
ɗ,,ɛ,p,6
ɗ,,e,p,6
ɗ,,ɔ,p,6
ɗ,,o,p,5
ɗ,,o,p,6
ɗ,,əː,p,5
ɗ,,əː,p,6
ɗ,,u,p,6
ʔ,,ɨə,p,5
ɗ,,aː,t,6
ɗ,,ə,t,5
ɗ,,ə,t,6
ɗ,,a,t,5
ɗ,,a,t,6
ɗ,,ɛ,t,6
ɗ,,e,t,5
ɗ,,i,t,6
ɗ,,ɔ,t,6
ɗ,,o,t,5
ɗ,,o,t,6
ɗ,,əː,t,5
ɗ,,əː,t,6
ɗ,,u,t,6
ɗ,,ɨ,t,5
ʔ,,ɨə,t,5
ɗ,,ə,w,5
ɗ,,ə,w,2
ɗ,,ə,w,3
ɗ,,ə,w,6
ɗ,,e,w,5
ɗ,,e,w,2
ɗ,,e,w,3
ɗ,,i,w,6
ɗ,,a,j,3
ɗ,,ə,j,5
ɗ,,ə,j,2
ɗ,,ə,j,3
ɗ,,ə,j,4
ɗ,,ə,j,6
ɗ,,ɨə,k,5
ɗ,,ɨə,k,6
ɗ,,ɨə,j,1
ɗ,,ɨə,j,5
ɗ,,ɨə,j,2
ɗ,,ɨə,j,6
ɗ,,ɨə,m,6
ɗ,,ɨə,n,2
ɗ,,ɨə,n,4
ɗ,,ɨə,ŋ,1
ɗ,,ɨə,ŋ,5
ɗ,,ɨə,ŋ,2
ɗ,,ɨə,ŋ,4
ɗ,,ɨə,ŋ,6
ɗ,,ɨə,w,5
